--
-- PostgreSQL database dump
--

\restrict SuUiWrnJSPIjX7t3WOdDYVOKEqMDQocvb0oMkTtbLc2AHUgRDr9CXwY5fsmsExE

-- Dumped from database version 16.10 (Ubuntu 16.10-0ubuntu0.24.04.1)
-- Dumped by pg_dump version 17.6 (Ubuntu 17.6-1.pgdg24.04+1)

SET statement_timeout = 0;
SET lock_timeout = 0;
SET idle_in_transaction_session_timeout = 0;
SET transaction_timeout = 0;
SET client_encoding = 'UTF8';
SET standard_conforming_strings = on;
SELECT pg_catalog.set_config('search_path', '', false);
SET check_function_bodies = false;
SET xmloption = content;
SET client_min_messages = warning;
SET row_security = off;

SET default_tablespace = '';

SET default_table_access_method = heap;

--
-- Name: account_balancesheet; Type: TABLE; Schema: public; Owner: postgres
--

CREATE TABLE public.account_balancesheet (
    id bigint NOT NULL,
    year character varying(200),
    salary double precision NOT NULL,
    contingencies double precision NOT NULL,
    non_contingencies double precision NOT NULL,
    recurring double precision NOT NULL,
    travel double precision NOT NULL,
    overhead_expens double precision NOT NULL,
    total double precision NOT NULL,
    finance_id bigint,
    projectdetail_id bigint,
    projectpi_id bigint,
    release_id bigint,
    usebalance_id bigint,
    user_id integer,
    interest double precision NOT NULL
);


ALTER TABLE public.account_balancesheet OWNER TO postgres;

--
-- Name: account_balancesheet_id_seq; Type: SEQUENCE; Schema: public; Owner: postgres
--

ALTER TABLE public.account_balancesheet ALTER COLUMN id ADD GENERATED BY DEFAULT AS IDENTITY (
    SEQUENCE NAME public.account_balancesheet_id_seq
    START WITH 1
    INCREMENT BY 1
    NO MINVALUE
    NO MAXVALUE
    CACHE 1
);


--
-- Name: account_district; Type: TABLE; Schema: public; Owner: postgres
--

CREATE TABLE public.account_district (
    id bigint NOT NULL,
    name character varying(200),
    code character varying(100),
    state_id bigint,
    dummy boolean NOT NULL
);


ALTER TABLE public.account_district OWNER TO postgres;

--
-- Name: account_district_id_seq; Type: SEQUENCE; Schema: public; Owner: postgres
--

ALTER TABLE public.account_district ALTER COLUMN id ADD GENERATED BY DEFAULT AS IDENTITY (
    SEQUENCE NAME public.account_district_id_seq
    START WITH 1
    INCREMENT BY 1
    NO MINVALUE
    NO MAXVALUE
    CACHE 1
);


--
-- Name: account_financialdetail; Type: TABLE; Schema: public; Owner: postgres
--

CREATE TABLE public.account_financialdetail (
    id bigint NOT NULL,
    year character varying(200),
    salary double precision NOT NULL,
    contingencies double precision NOT NULL,
    non_contingencies double precision NOT NULL,
    recurring double precision NOT NULL,
    travel double precision NOT NULL,
    overhead_expens double precision NOT NULL,
    total double precision NOT NULL,
    created timestamp with time zone NOT NULL,
    updated timestamp with time zone NOT NULL,
    projectdetail_id bigint,
    projectpi_id bigint,
    user_id integer,
    comment character varying(200),
    interest double precision NOT NULL,
    remainamount double precision NOT NULL,
    carry_forward_amount double precision NOT NULL,
    interest_tr_amount double precision NOT NULL,
    remain_tr_amount double precision NOT NULL,
    subtotal double precision NOT NULL,
    transfer_from_to character varying(200),
    uc_submit character varying(100) NOT NULL
);


ALTER TABLE public.account_financialdetail OWNER TO postgres;

--
-- Name: account_financialdetail_id_seq; Type: SEQUENCE; Schema: public; Owner: postgres
--

ALTER TABLE public.account_financialdetail ALTER COLUMN id ADD GENERATED BY DEFAULT AS IDENTITY (
    SEQUENCE NAME public.account_financialdetail_id_seq
    START WITH 1
    INCREMENT BY 1
    NO MINVALUE
    NO MAXVALUE
    CACHE 1
);


--
-- Name: account_institutedetail; Type: TABLE; Schema: public; Owner: postgres
--

CREATE TABLE public.account_institutedetail (
    id bigint NOT NULL,
    name character varying(100),
    sortcode character varying(100),
    institute_type character varying(100),
    contactno character varying(100),
    address character varying(400),
    created timestamp with time zone NOT NULL,
    updated timestamp with time zone NOT NULL,
    district_id bigint,
    state_id bigint,
    user_id integer
);


ALTER TABLE public.account_institutedetail OWNER TO postgres;

--
-- Name: account_institutedetail_id_seq; Type: SEQUENCE; Schema: public; Owner: postgres
--

ALTER TABLE public.account_institutedetail ALTER COLUMN id ADD GENERATED BY DEFAULT AS IDENTITY (
    SEQUENCE NAME public.account_institutedetail_id_seq
    START WITH 1
    INCREMENT BY 1
    NO MINVALUE
    NO MAXVALUE
    CACHE 1
);


--
-- Name: account_projectdetail; Type: TABLE; Schema: public; Owner: postgres
--

CREATE TABLE public.account_projectdetail (
    id bigint NOT NULL,
    projectid character varying(200),
    title character varying(200),
    filenumber character varying(200),
    proposalfile character varying(100),
    prcrecommend character varying(100),
    prccomment character varying(100),
    start_date date,
    end_date date,
    created timestamp with time zone NOT NULL,
    updated timestamp with time zone NOT NULL,
    user_id integer,
    duration integer NOT NULL,
    approvalfile character varying(100),
    eofficnumber character varying(200),
    prc_date date,
    project_type character varying(100)
);


ALTER TABLE public.account_projectdetail OWNER TO postgres;

--
-- Name: account_projectdetail_id_seq; Type: SEQUENCE; Schema: public; Owner: postgres
--

ALTER TABLE public.account_projectdetail ALTER COLUMN id ADD GENERATED BY DEFAULT AS IDENTITY (
    SEQUENCE NAME public.account_projectdetail_id_seq
    START WITH 1
    INCREMENT BY 1
    NO MINVALUE
    NO MAXVALUE
    CACHE 1
);


--
-- Name: account_projectdetail_projectpi; Type: TABLE; Schema: public; Owner: postgres
--

CREATE TABLE public.account_projectdetail_projectpi (
    id bigint NOT NULL,
    projectdetail_id bigint NOT NULL,
    projectpidetail_id bigint NOT NULL
);


ALTER TABLE public.account_projectdetail_projectpi OWNER TO postgres;

--
-- Name: account_projectdetail_projectpi_id_seq; Type: SEQUENCE; Schema: public; Owner: postgres
--

ALTER TABLE public.account_projectdetail_projectpi ALTER COLUMN id ADD GENERATED BY DEFAULT AS IDENTITY (
    SEQUENCE NAME public.account_projectdetail_projectpi_id_seq
    START WITH 1
    INCREMENT BY 1
    NO MINVALUE
    NO MAXVALUE
    CACHE 1
);


--
-- Name: account_projectpidetail; Type: TABLE; Schema: public; Owner: postgres
--

CREATE TABLE public.account_projectpidetail (
    id bigint NOT NULL,
    name character varying(100),
    institute_id bigint,
    contactno character varying(100),
    emailid character varying(100),
    address character varying(200),
    created timestamp with time zone NOT NULL,
    updated timestamp with time zone NOT NULL,
    district_pi_id bigint,
    state_pi_id bigint,
    user_id integer,
    area_expertise character varying(100),
    designation character varying(100),
    dob date,
    gender character varying(100),
    qualification character varying(100),
    qualification_other character varying(100)
);


ALTER TABLE public.account_projectpidetail OWNER TO postgres;

--
-- Name: account_projectpidetail_id_seq; Type: SEQUENCE; Schema: public; Owner: postgres
--

ALTER TABLE public.account_projectpidetail ALTER COLUMN id ADD GENERATED BY DEFAULT AS IDENTITY (
    SEQUENCE NAME public.account_projectpidetail_id_seq
    START WITH 1
    INCREMENT BY 1
    NO MINVALUE
    NO MAXVALUE
    CACHE 1
);


--
-- Name: account_releasebuget; Type: TABLE; Schema: public; Owner: postgres
--

CREATE TABLE public.account_releasebuget (
    id bigint NOT NULL,
    year character varying(200),
    salary double precision NOT NULL,
    contingencies double precision NOT NULL,
    non_contingencies double precision NOT NULL,
    recurring double precision NOT NULL,
    travel double precision NOT NULL,
    overhead_expens double precision NOT NULL,
    total double precision NOT NULL,
    fileupload character varying(100),
    created timestamp with time zone NOT NULL,
    updated timestamp with time zone NOT NULL,
    finance_id bigint,
    projectdetail_id bigint,
    projectpi_id bigint,
    user_id integer,
    release_no character varying(100),
    comment character varying(200)
);


ALTER TABLE public.account_releasebuget OWNER TO postgres;

--
-- Name: account_releasebuget_id_seq; Type: SEQUENCE; Schema: public; Owner: postgres
--

ALTER TABLE public.account_releasebuget ALTER COLUMN id ADD GENERATED BY DEFAULT AS IDENTITY (
    SEQUENCE NAME public.account_releasebuget_id_seq
    START WITH 1
    INCREMENT BY 1
    NO MINVALUE
    NO MAXVALUE
    CACHE 1
);


--
-- Name: account_state; Type: TABLE; Schema: public; Owner: postgres
--

CREATE TABLE public.account_state (
    id bigint NOT NULL,
    name character varying(100),
    code character varying(100),
    dummy boolean NOT NULL,
    latitude character varying(100),
    longitude character varying(100)
);


ALTER TABLE public.account_state OWNER TO postgres;

--
-- Name: account_state_id_seq; Type: SEQUENCE; Schema: public; Owner: postgres
--

ALTER TABLE public.account_state ALTER COLUMN id ADD GENERATED BY DEFAULT AS IDENTITY (
    SEQUENCE NAME public.account_state_id_seq
    START WITH 1
    INCREMENT BY 1
    NO MINVALUE
    NO MAXVALUE
    CACHE 1
);


--
-- Name: account_usedbalance; Type: TABLE; Schema: public; Owner: postgres
--

CREATE TABLE public.account_usedbalance (
    id bigint NOT NULL,
    year character varying(200),
    salary double precision NOT NULL,
    contingencies double precision NOT NULL,
    non_contingencies double precision NOT NULL,
    recurring double precision NOT NULL,
    travel double precision NOT NULL,
    overhead_expens double precision NOT NULL,
    total double precision NOT NULL,
    fileupload character varying(100),
    created timestamp with time zone NOT NULL,
    updated timestamp with time zone NOT NULL,
    finance_id bigint,
    projectdetail_id bigint,
    projectpi_id bigint,
    user_id integer,
    uc_no character varying(200),
    comment character varying(200),
    interest double precision NOT NULL
);


ALTER TABLE public.account_usedbalance OWNER TO postgres;

--
-- Name: account_usedbalance_id_seq; Type: SEQUENCE; Schema: public; Owner: postgres
--

ALTER TABLE public.account_usedbalance ALTER COLUMN id ADD GENERATED BY DEFAULT AS IDENTITY (
    SEQUENCE NAME public.account_usedbalance_id_seq
    START WITH 1
    INCREMENT BY 1
    NO MINVALUE
    NO MAXVALUE
    CACHE 1
);


--
-- Name: auth_group; Type: TABLE; Schema: public; Owner: postgres
--

CREATE TABLE public.auth_group (
    id integer NOT NULL,
    name character varying(150) NOT NULL
);


ALTER TABLE public.auth_group OWNER TO postgres;

--
-- Name: auth_group_id_seq; Type: SEQUENCE; Schema: public; Owner: postgres
--

ALTER TABLE public.auth_group ALTER COLUMN id ADD GENERATED BY DEFAULT AS IDENTITY (
    SEQUENCE NAME public.auth_group_id_seq
    START WITH 1
    INCREMENT BY 1
    NO MINVALUE
    NO MAXVALUE
    CACHE 1
);


--
-- Name: auth_group_permissions; Type: TABLE; Schema: public; Owner: postgres
--

CREATE TABLE public.auth_group_permissions (
    id bigint NOT NULL,
    group_id integer NOT NULL,
    permission_id integer NOT NULL
);


ALTER TABLE public.auth_group_permissions OWNER TO postgres;

--
-- Name: auth_group_permissions_id_seq; Type: SEQUENCE; Schema: public; Owner: postgres
--

ALTER TABLE public.auth_group_permissions ALTER COLUMN id ADD GENERATED BY DEFAULT AS IDENTITY (
    SEQUENCE NAME public.auth_group_permissions_id_seq
    START WITH 1
    INCREMENT BY 1
    NO MINVALUE
    NO MAXVALUE
    CACHE 1
);


--
-- Name: auth_permission; Type: TABLE; Schema: public; Owner: postgres
--

CREATE TABLE public.auth_permission (
    id integer NOT NULL,
    name character varying(255) NOT NULL,
    content_type_id integer NOT NULL,
    codename character varying(100) NOT NULL
);


ALTER TABLE public.auth_permission OWNER TO postgres;

--
-- Name: auth_permission_id_seq; Type: SEQUENCE; Schema: public; Owner: postgres
--

ALTER TABLE public.auth_permission ALTER COLUMN id ADD GENERATED BY DEFAULT AS IDENTITY (
    SEQUENCE NAME public.auth_permission_id_seq
    START WITH 1
    INCREMENT BY 1
    NO MINVALUE
    NO MAXVALUE
    CACHE 1
);


--
-- Name: auth_user; Type: TABLE; Schema: public; Owner: postgres
--

CREATE TABLE public.auth_user (
    id integer NOT NULL,
    password character varying(128) NOT NULL,
    last_login timestamp with time zone,
    is_superuser boolean NOT NULL,
    username character varying(150) NOT NULL,
    first_name character varying(150) NOT NULL,
    last_name character varying(150) NOT NULL,
    email character varying(254) NOT NULL,
    is_staff boolean NOT NULL,
    is_active boolean NOT NULL,
    date_joined timestamp with time zone NOT NULL
);


ALTER TABLE public.auth_user OWNER TO postgres;

--
-- Name: auth_user_groups; Type: TABLE; Schema: public; Owner: postgres
--

CREATE TABLE public.auth_user_groups (
    id bigint NOT NULL,
    user_id integer NOT NULL,
    group_id integer NOT NULL
);


ALTER TABLE public.auth_user_groups OWNER TO postgres;

--
-- Name: auth_user_groups_id_seq; Type: SEQUENCE; Schema: public; Owner: postgres
--

ALTER TABLE public.auth_user_groups ALTER COLUMN id ADD GENERATED BY DEFAULT AS IDENTITY (
    SEQUENCE NAME public.auth_user_groups_id_seq
    START WITH 1
    INCREMENT BY 1
    NO MINVALUE
    NO MAXVALUE
    CACHE 1
);


--
-- Name: auth_user_id_seq; Type: SEQUENCE; Schema: public; Owner: postgres
--

ALTER TABLE public.auth_user ALTER COLUMN id ADD GENERATED BY DEFAULT AS IDENTITY (
    SEQUENCE NAME public.auth_user_id_seq
    START WITH 1
    INCREMENT BY 1
    NO MINVALUE
    NO MAXVALUE
    CACHE 1
);


--
-- Name: auth_user_user_permissions; Type: TABLE; Schema: public; Owner: postgres
--

CREATE TABLE public.auth_user_user_permissions (
    id bigint NOT NULL,
    user_id integer NOT NULL,
    permission_id integer NOT NULL
);


ALTER TABLE public.auth_user_user_permissions OWNER TO postgres;

--
-- Name: auth_user_user_permissions_id_seq; Type: SEQUENCE; Schema: public; Owner: postgres
--

ALTER TABLE public.auth_user_user_permissions ALTER COLUMN id ADD GENERATED BY DEFAULT AS IDENTITY (
    SEQUENCE NAME public.auth_user_user_permissions_id_seq
    START WITH 1
    INCREMENT BY 1
    NO MINVALUE
    NO MAXVALUE
    CACHE 1
);


--
-- Name: django_admin_log; Type: TABLE; Schema: public; Owner: postgres
--

CREATE TABLE public.django_admin_log (
    id integer NOT NULL,
    action_time timestamp with time zone NOT NULL,
    object_id text,
    object_repr character varying(200) NOT NULL,
    action_flag smallint NOT NULL,
    change_message text NOT NULL,
    content_type_id integer,
    user_id integer NOT NULL,
    CONSTRAINT django_admin_log_action_flag_check CHECK ((action_flag >= 0))
);


ALTER TABLE public.django_admin_log OWNER TO postgres;

--
-- Name: django_admin_log_id_seq; Type: SEQUENCE; Schema: public; Owner: postgres
--

ALTER TABLE public.django_admin_log ALTER COLUMN id ADD GENERATED BY DEFAULT AS IDENTITY (
    SEQUENCE NAME public.django_admin_log_id_seq
    START WITH 1
    INCREMENT BY 1
    NO MINVALUE
    NO MAXVALUE
    CACHE 1
);


--
-- Name: django_content_type; Type: TABLE; Schema: public; Owner: postgres
--

CREATE TABLE public.django_content_type (
    id integer NOT NULL,
    app_label character varying(100) NOT NULL,
    model character varying(100) NOT NULL
);


ALTER TABLE public.django_content_type OWNER TO postgres;

--
-- Name: django_content_type_id_seq; Type: SEQUENCE; Schema: public; Owner: postgres
--

ALTER TABLE public.django_content_type ALTER COLUMN id ADD GENERATED BY DEFAULT AS IDENTITY (
    SEQUENCE NAME public.django_content_type_id_seq
    START WITH 1
    INCREMENT BY 1
    NO MINVALUE
    NO MAXVALUE
    CACHE 1
);


--
-- Name: django_migrations; Type: TABLE; Schema: public; Owner: postgres
--

CREATE TABLE public.django_migrations (
    id bigint NOT NULL,
    app character varying(255) NOT NULL,
    name character varying(255) NOT NULL,
    applied timestamp with time zone NOT NULL
);


ALTER TABLE public.django_migrations OWNER TO postgres;

--
-- Name: django_migrations_id_seq; Type: SEQUENCE; Schema: public; Owner: postgres
--

ALTER TABLE public.django_migrations ALTER COLUMN id ADD GENERATED BY DEFAULT AS IDENTITY (
    SEQUENCE NAME public.django_migrations_id_seq
    START WITH 1
    INCREMENT BY 1
    NO MINVALUE
    NO MAXVALUE
    CACHE 1
);


--
-- Name: django_session; Type: TABLE; Schema: public; Owner: postgres
--

CREATE TABLE public.django_session (
    session_key character varying(40) NOT NULL,
    session_data text NOT NULL,
    expire_date timestamp with time zone NOT NULL
);


ALTER TABLE public.django_session OWNER TO postgres;

--
-- Data for Name: account_balancesheet; Type: TABLE DATA; Schema: public; Owner: postgres
--

COPY public.account_balancesheet (id, year, salary, contingencies, non_contingencies, recurring, travel, overhead_expens, total, finance_id, projectdetail_id, projectpi_id, release_id, usebalance_id, user_id, interest) FROM stdin;
2	3rd	1000	1000	1000	1000	1000	1000	6000	23	8	1	19	20	1	0
3	2nd	1000	1000	1000	1000	1000	1000	6000	22	8	1	18	16	1	0
4	1st	0	0	0	0	0	0	0	21	8	1	17	15	1	0
5	1st	1000	1000	1000	1000	1000	1000	6000	24	5	2	21	21	1	0
38	2nd	500	500	500	500	500	500	3000	25	5	2	23	54	1	0
39	1st	1000	1000	1000	1000	1000	1000	8000	27	6	3	\N	68	1	2000
\.


--
-- Data for Name: account_district; Type: TABLE DATA; Schema: public; Owner: postgres
--

COPY public.account_district (id, name, code, state_id, dummy) FROM stdin;
2182	Nicobars	NIC	74	f
2183	North And Middle Andaman	NOR	74	f
2184	South Andamans	SOU	74	f
2185	Alluri Sitharama Raju	ALL	75	f
2186	Anakapalli	ANA	75	f
2187	Anantapur	ANA	75	f
2188	Annamayya	ANN	75	f
2189	Bapatla	BAP	75	f
2190	Chittoor	CHI	75	f
2191	East Godavari	EAS	75	f
2192	Eluru	ELU	75	f
2193	Guntur	GUN	75	f
2194	Kakinada	KAK	75	f
2195	Konaseema	KON	75	f
2196	Krishna	KRI	75	f
2197	Kurnool	KUR	75	f
2198	Nandyal	NAN	75	f
2199	Ntr	NTR	75	f
2200	Palnadu	PAL	75	f
2201	Parvathipuram Manyam	PAR	75	f
2202	Prakasam	PRA	75	f
2203	Spsr Nellore	SPS	75	f
2204	Srikakulam	SRI	75	f
2205	Sri Sathya Sai	SRI	75	f
2206	Tirupati	TIR	75	f
2207	Visakhapatanam	VIS	75	f
2208	Vizianagaram	VIZ	75	f
2209	West Godavari	WES	75	f
2210	Y.S.R.	Y.S	75	f
2211	Anjaw	ANJ	76	f
2212	Changlang	CHA	76	f
2213	Dibang Valley	DIB	76	f
2214	East Kameng	EAS	76	f
2215	East Siang	EAS	76	f
2216	Kamle	KAM	76	f
2217	Kra Daadi	KRA	76	f
2218	Kurung Kumey	KUR	76	f
2219	Leparada	LEP	76	f
2220	Lohit	LOH	76	f
2221	Longding	LON	76	f
2222	Lower Dibang Valley	LOW	76	f
2223	Lower Siang	LOW	76	f
2224	Lower Subansiri	LOW	76	f
2225	Namsai	NAM	76	f
2226	Pakke Kessang	PAK	76	f
2227	Papum Pare	PAP	76	f
2228	Shi Yomi	SHI	76	f
2229	Siang	SIA	76	f
2230	Tawang	TAW	76	f
2231	Tirap	TIR	76	f
2232	Upper Siang	UPP	76	f
2233	Upper Subansiri	UPP	76	f
2234	West Kameng	WES	76	f
2235	West Siang	WES	76	f
2236	Bajali	BAJ	77	f
2237	Baksa	BAK	77	f
2238	Barpeta	BAR	77	f
2239	Biswanath	BIS	77	f
2240	Bongaigaon	BON	77	f
2241	Cachar	CAC	77	f
2242	Charaideo	CHA	77	f
2243	Chirang	CHI	77	f
2244	Darrang	DAR	77	f
2245	Dhemaji	DHE	77	f
2246	Dhubri	DHU	77	f
2247	Dibrugarh	DIB	77	f
2248	Dima Hasao	DIM	77	f
2249	Goalpara	GOA	77	f
2250	Golaghat	GOL	77	f
2251	Hailakandi	HAI	77	f
2252	Hojai	HOJ	77	f
2253	Jorhat	JOR	77	f
2254	Kamrup	KAM	77	f
2255	Kamrup Metro	KAM	77	f
2256	Karbi Anglong	KAR	77	f
2257	Karimganj	KAR	77	f
2258	Kokrajhar	KOK	77	f
2259	Lakhimpur	LAK	77	f
2260	Majuli	MAJ	77	f
2261	Marigaon	MAR	77	f
2262	Nagaon	NAG	77	f
2263	Nalbari	NAL	77	f
2264	Sivasagar	SIV	77	f
2265	Sonitpur	SON	77	f
2266	South Salmara Mancachar	SOU	77	f
2267	Tamulpur	TAM	77	f
2268	Tinsukia	TIN	77	f
2269	Udalguri	UDA	77	f
2270	West Karbi Anglong	WES	77	f
2271	Araria	ARA	78	f
2272	Arwal	ARW	78	f
2273	Aurangabad	AUR	78	f
2274	Banka	BAN	78	f
2275	Begusarai	BEG	78	f
2276	Bhagalpur	BHA	78	f
2277	Bhojpur	BHO	78	f
2278	Buxar	BUX	78	f
2279	Darbhanga	DAR	78	f
2280	Gaya	GAY	78	f
2281	Gopalganj	GOP	78	f
2282	Jamui	JAM	78	f
2283	Jehanabad	JEH	78	f
2284	Kaimur (Bhabua)	KAI	78	f
2285	Katihar	KAT	78	f
2286	Khagaria	KHA	78	f
2287	Kishanganj	KIS	78	f
2288	Lakhisarai	LAK	78	f
2289	Madhepura	MAD	78	f
2290	Madhubani	MAD	78	f
2291	Munger	MUN	78	f
2292	Muzaffarpur	MUZ	78	f
2293	Nalanda	NAL	78	f
2294	Nawada	NAW	78	f
2295	Pashchim Champaran	PAS	78	f
2296	Patna	PAT	78	f
2297	Purbi Champaran	PUR	78	f
2298	Purnia	PUR	78	f
2299	Rohtas	ROH	78	f
2300	Saharsa	SAH	78	f
2301	Samastipur	SAM	78	f
2302	Saran	SAR	78	f
2303	Sheikhpura	SHE	78	f
2304	Sheohar	SHE	78	f
2305	Sitamarhi	SIT	78	f
2306	Siwan	SIW	78	f
2307	Supaul	SUP	78	f
2308	Vaishali	VAI	78	f
2309	Chandigarh	CHA	79	f
2310	Balod	BAL	80	f
2311	Baloda Bazar	BAL	80	f
2312	Balrampur	BAL	80	f
2313	Bastar	BAS	80	f
2314	Bemetara	BEM	80	f
2315	Bijapur	BIJ	80	f
2316	Bilaspur	BIL	80	f
2317	Dantewada	DAN	80	f
2318	Dhamtari	DHA	80	f
2319	Durg	DUR	80	f
2320	Gariyaband	GAR	80	f
2321	Gaurella Pendra Marwahi	GAU	80	f
2322	Janjgir-Champa	JAN	80	f
2323	Jashpur	JAS	80	f
2324	Kabirdham	KAB	80	f
2325	Kanker	KAN	80	f
2326	Kondagaon	KON	80	f
2327	Korba	KOR	80	f
2328	Korea	KOR	80	f
2329	Mahasamund	MAH	80	f
2330	Mungeli	MUN	80	f
2331	Narayanpur	NAR	80	f
2332	Raigarh	RAI	80	f
2333	Raipur	RAI	80	f
2334	Rajnandgaon	RAJ	80	f
2335	Sukma	SUK	80	f
2336	Surajpur	SUR	80	f
2337	Surguja	SUR	80	f
2338	North Goa	NOR	81	f
2339	South Goa	SOU	81	f
2340	Ahmadabad	AHM	82	f
2341	Amreli	AMR	82	f
2342	Anand	ANA	82	f
2343	Arvalli	ARV	82	f
2344	Banas Kantha	BAN	82	f
2345	Bharuch	BHA	82	f
2346	Bhavnagar	BHA	82	f
2347	Botad	BOT	82	f
2348	Chhotaudepur	CHH	82	f
2349	Dang	DAN	82	f
2350	Devbhumi Dwarka	DEV	82	f
2351	Dohad	DOH	82	f
2352	Gandhinagar	GAN	82	f
2353	Gir Somnath	GIR	82	f
2354	Jamnagar	JAM	82	f
2355	Junagadh	JUN	82	f
2356	Kachchh	KAC	82	f
2357	Kheda	KHE	82	f
2358	Mahesana	MAH	82	f
2359	Mahisagar	MAH	82	f
2360	Morbi	MOR	82	f
2361	Narmada	NAR	82	f
2362	Navsari	NAV	82	f
2363	Panch Mahals	PAN	82	f
2364	Patan	PAT	82	f
2365	Porbandar	POR	82	f
2366	Rajkot	RAJ	82	f
2367	Sabar Kantha	SAB	82	f
2368	Surat	SUR	82	f
2369	Surendranagar	SUR	82	f
2370	Tapi	TAP	82	f
2371	Vadodara	VAD	82	f
2372	Valsad	VAL	82	f
2373	Ambala	AMB	83	f
2374	Bhiwani	BHI	83	f
2375	Charki Dadri	CHA	83	f
2376	Faridabad	FAR	83	f
2377	Fatehabad	FAT	83	f
2378	Gurugram	GUR	83	f
2379	Hisar	HIS	83	f
2380	Jhajjar	JHA	83	f
2381	Jind	JIN	83	f
2382	Kaithal	KAI	83	f
2383	Karnal	KAR	83	f
2384	Kurukshetra	KUR	83	f
2385	Mahendragarh	MAH	83	f
2386	Nuh	NUH	83	f
2387	Palwal	PAL	83	f
2388	Panchkula	PAN	83	f
2389	Panipat	PAN	83	f
2390	Rewari	REW	83	f
2391	Rohtak	ROH	83	f
2392	Sirsa	SIR	83	f
2393	Sonipat	SON	83	f
2394	Yamunanagar	YAM	83	f
2395	Bilaspur	BIL	84	f
2396	Chamba	CHA	84	f
2397	Hamirpur	HAM	84	f
2398	Kangra	KAN	84	f
2399	Kinnaur	KIN	84	f
2400	Kullu	KUL	84	f
2401	Lahul And Spiti	LAH	84	f
2402	Mandi	MAN	84	f
2403	Shimla	SHI	84	f
2404	Sirmaur	SIR	84	f
2405	Solan	SOL	84	f
2406	Una	UNA	84	f
2407	Anantnag	ANA	85	f
2408	Bandipora	BAN	85	f
2409	Baramulla	BAR	85	f
2410	Budgam	BUD	85	f
2411	Doda	DOD	85	f
2412	Ganderbal	GAN	85	f
2413	Jammu	JAM	85	f
2414	Kathua	KAT	85	f
2415	Kishtwar	KIS	85	f
2416	Kulgam	KUL	85	f
2417	Kupwara	KUP	85	f
2418	Poonch	POO	85	f
2419	Pulwama	PUL	85	f
2420	Rajouri	RAJ	85	f
2421	Ramban	RAM	85	f
2422	Reasi	REA	85	f
2423	Samba	SAM	85	f
2424	Shopian	SHO	85	f
2425	Srinagar	SRI	85	f
2426	Udhampur	UDH	85	f
2427	Bokaro	BOK	86	f
2428	Chatra	CHA	86	f
2429	Deoghar	DEO	86	f
2430	Dhanbad	DHA	86	f
2431	Dumka	DUM	86	f
2432	East Singhbum	EAS	86	f
2433	Garhwa	GAR	86	f
2434	Giridih	GIR	86	f
2435	Godda	GOD	86	f
2436	Gumla	GUM	86	f
2437	Hazaribagh	HAZ	86	f
2438	Jamtara	JAM	86	f
2439	Khunti	KHU	86	f
2440	Koderma	KOD	86	f
2441	Latehar	LAT	86	f
2442	Lohardaga	LOH	86	f
2443	Pakur	PAK	86	f
2444	Palamu	PAL	86	f
2445	Ramgarh	RAM	86	f
2446	Ranchi	RAN	86	f
2447	Sahebganj	SAH	86	f
2448	Saraikela Kharsawan	SAR	86	f
2449	Simdega	SIM	86	f
2450	West Singhbhum	WES	86	f
2451	Bagalkote	BAG	87	f
2452	Ballari	BAL	87	f
2453	Belagavi	BEL	87	f
2454	Bengaluru Rural	BEN	87	f
2455	Bengaluru Urban	BEN	87	f
2456	Bidar	BID	87	f
2457	Chamarajanagara	CHA	87	f
2458	Chikkaballapura	CHI	87	f
2459	Chikkamagaluru	CHI	87	f
2460	Chitradurga	CHI	87	f
2461	Dakshina Kannada	DAK	87	f
2462	Davangere	DAV	87	f
2463	Dharwad	DHA	87	f
2464	Gadag	GAD	87	f
2465	Hassan	HAS	87	f
2466	Haveri	HAV	87	f
2467	Kalaburagi	KAL	87	f
2468	Kodagu	KOD	87	f
2469	Kolar	KOL	87	f
2470	Koppal	KOP	87	f
2471	Mandya	MAN	87	f
2472	Mysuru	MYS	87	f
2473	Raichur	RAI	87	f
2474	Ramanagara	RAM	87	f
2475	Shivamogga	SHI	87	f
2476	Tumakuru	TUM	87	f
2477	Udupi	UDU	87	f
2478	Uttara Kannada	UTT	87	f
2479	Vijayanagar	VIJ	87	f
2480	Vijayapura	VIJ	87	f
2481	Yadgir	YAD	87	f
2482	Alappuzha	ALA	88	f
2483	Ernakulam	ERN	88	f
2484	Idukki	IDU	88	f
2485	Kannur	KAN	88	f
2486	Kasaragod	KAS	88	f
2487	Kollam	KOL	88	f
2488	Kottayam	KOT	88	f
2489	Kozhikode	KOZ	88	f
2490	Malappuram	MAL	88	f
2491	Palakkad	PAL	88	f
2492	Pathanamthitta	PAT	88	f
2493	Thiruvananthapuram	THI	88	f
2494	Thrissur	THR	88	f
2495	Wayanad	WAY	88	f
2496	Kargil	KAR	89	f
2497	Leh Ladakh	LEH	89	f
2498	Lakshadweep District	LAK	90	f
2499	Agar Malwa	AGA	91	f
2500	Alirajpur	ALI	91	f
2501	Anuppur	ANU	91	f
2502	Ashoknagar	ASH	91	f
2503	Balaghat	BAL	91	f
2504	Barwani	BAR	91	f
2505	Betul	BET	91	f
2506	Bhind	BHI	91	f
2507	Bhopal	BHO	91	f
2508	Burhanpur	BUR	91	f
2509	Chhatarpur	CHH	91	f
2510	Chhindwara	CHH	91	f
2511	Damoh	DAM	91	f
2512	Datia	DAT	91	f
2513	Dewas	DEW	91	f
2514	Dhar	DHA	91	f
2515	Dindori	DIN	91	f
2516	East Nimar	EAS	91	f
2517	Guna	GUN	91	f
2518	Gwalior	GWA	91	f
2519	Harda	HAR	91	f
2520	Indore	IND	91	f
2521	Jabalpur	JAB	91	f
2522	Jhabua	JHA	91	f
2523	Katni	KAT	91	f
2524	Khargone	KHA	91	f
2525	Mandla	MAN	91	f
2526	Mandsaur	MAN	91	f
2527	Morena	MOR	91	f
2528	Narmadapuram	NAR	91	f
2529	Narsinghpur	NAR	91	f
2530	Neemuch	NEE	91	f
2531	Niwari	NIW	91	f
2532	Panna	PAN	91	f
2533	Raisen	RAI	91	f
2534	Rajgarh	RAJ	91	f
2535	Ratlam	RAT	91	f
2536	Rewa	REW	91	f
2537	Sagar	SAG	91	f
2538	Satna	SAT	91	f
2539	Sehore	SEH	91	f
2540	Seoni	SEO	91	f
2541	Shahdol	SHA	91	f
2542	Shajapur	SHA	91	f
2543	Sheopur	SHE	91	f
2544	Shivpuri	SHI	91	f
2545	Sidhi	SID	91	f
2546	Singrauli	SIN	91	f
2547	Tikamgarh	TIK	91	f
2548	Ujjain	UJJ	91	f
2549	Umaria	UMA	91	f
2550	Vidisha	VID	91	f
2551	Ahmednagar	AHM	92	f
2552	Akola	AKO	92	f
2553	Amravati	AMR	92	f
2554	Aurangabad	AUR	92	f
2555	Beed	BEE	92	f
2556	Bhandara	BHA	92	f
2557	Buldhana	BUL	92	f
2558	Chandrapur	CHA	92	f
2559	Dhule	DHU	92	f
2560	Gadchiroli	GAD	92	f
2561	Gondia	GON	92	f
2562	Hingoli	HIN	92	f
2563	Jalgaon	JAL	92	f
2564	Jalna	JAL	92	f
2565	Kolhapur	KOL	92	f
2566	Latur	LAT	92	f
2567	Nagpur	NAG	92	f
2568	Nanded	NAN	92	f
2569	Nandurbar	NAN	92	f
2570	Nashik	NAS	92	f
2571	Osmanabad	OSM	92	f
2572	Palghar	PAL	92	f
2573	Parbhani	PAR	92	f
2574	Pune	PUN	92	f
2575	Raigad	RAI	92	f
2576	Ratnagiri	RAT	92	f
2577	Sangli	SAN	92	f
2578	Satara	SAT	92	f
2579	Sindhudurg	SIN	92	f
2580	Solapur	SOL	92	f
2581	Thane	THA	92	f
2582	Wardha	WAR	92	f
2583	Washim	WAS	92	f
2584	Yavatmal	YAV	92	f
2585	Bishnupur	BIS	93	f
2586	Chandel	CHA	93	f
2587	Churachandpur	CHU	93	f
2588	Imphal East	IMP	93	f
2589	Imphal West	IMP	93	f
2590	Jiribam	JIR	93	f
2591	Kakching	KAK	93	f
2592	Kamjong	KAM	93	f
2593	Kangpokpi	KAN	93	f
2594	Noney	NON	93	f
2595	Pherzawl	PHE	93	f
2596	Senapati	SEN	93	f
2597	Tamenglong	TAM	93	f
2598	Tengnoupal	TEN	93	f
2599	Thoubal	THO	93	f
2600	Ukhrul	UKH	93	f
2601	Eastern West Khasi Hills	EAS	94	f
2602	East Garo Hills	EAS	94	f
2603	East Jaintia Hills	EAS	94	f
2604	East Khasi Hills	EAS	94	f
2605	North Garo Hills	NOR	94	f
2606	Ri Bhoi	RI 	94	f
2607	South Garo Hills	SOU	94	f
2608	South West Garo Hills	SOU	94	f
2609	South West Khasi Hills	SOU	94	f
2610	West Garo Hills	WES	94	f
2611	West Jaintia Hills	WES	94	f
2612	West Khasi Hills	WES	94	f
2613	Aizawl	AIZ	95	f
2614	Champhai	CHA	95	f
2615	Hnahthial	HNA	95	f
2616	Khawzawl	KHA	95	f
2617	Kolasib	KOL	95	f
2618	Lawngtlai	LAW	95	f
2619	Lunglei	LUN	95	f
2620	Mamit	MAM	95	f
2621	Saiha	SAI	95	f
2622	Saitual	SAI	95	f
2623	Serchhip	SER	95	f
2624	Dimapur	DIM	96	f
2625	Kiphire	KIP	96	f
2626	Kohima	KOH	96	f
2627	Longleng	LON	96	f
2628	Mokokchung	MOK	96	f
2629	Mon	MON	96	f
2630	Peren	PER	96	f
2631	Phek	PHE	96	f
2632	Tuensang	TUE	96	f
2633	Wokha	WOK	96	f
2634	Zunheboto	ZUN	96	f
2635	Anugul	ANU	97	f
2636	Balangir	BAL	97	f
2637	Baleshwar	BAL	97	f
2638	Bargarh	BAR	97	f
2639	Bhadrak	BHA	97	f
2640	Boudh	BOU	97	f
2641	Cuttack	CUT	97	f
2642	Deogarh	DEO	97	f
2643	Dhenkanal	DHE	97	f
2644	Gajapati	GAJ	97	f
2645	Ganjam	GAN	97	f
2646	Jagatsinghapur	JAG	97	f
2647	Jajapur	JAJ	97	f
2648	Jharsuguda	JHA	97	f
2649	Kalahandi	KAL	97	f
2650	Kandhamal	KAN	97	f
2651	Kendrapara	KEN	97	f
2652	Kendujhar	KEN	97	f
2653	Khordha	KHO	97	f
2654	Koraput	KOR	97	f
2655	Malkangiri	MAL	97	f
2656	Mayurbhanj	MAY	97	f
2657	Nabarangpur	NAB	97	f
2658	Nayagarh	NAY	97	f
2659	Nuapada	NUA	97	f
2660	Puri	PUR	97	f
2661	Rayagada	RAY	97	f
2662	Sambalpur	SAM	97	f
2663	Sonepur	SON	97	f
2664	Sundargarh	SUN	97	f
2665	Karaikal	KAR	98	f
2666	Mahe	MAH	98	f
2667	Pondicherry	PON	98	f
2668	Yanam	YAN	98	f
2669	Amritsar	AMR	99	f
2670	Barnala	BAR	99	f
2671	Bathinda	BAT	99	f
2672	Faridkot	FAR	99	f
2673	Fatehgarh Sahib	FAT	99	f
2674	Fazilka	FAZ	99	f
2675	Ferozepur	FER	99	f
2676	Gurdaspur	GUR	99	f
2677	Hoshiarpur	HOS	99	f
2678	Jalandhar	JAL	99	f
2679	Kapurthala	KAP	99	f
2680	Ludhiana	LUD	99	f
2681	Malerkotla	MAL	99	f
2682	Mansa	MAN	99	f
2683	Moga	MOG	99	f
2684	Pathankot	PAT	99	f
2685	Patiala	PAT	99	f
2686	Rupnagar	RUP	99	f
2687	Sangrur	SAN	99	f
2688	S.A.S Nagar	S.A	99	f
2689	Shahid Bhagat Singh Nagar	SHA	99	f
2690	Sri Muktsar Sahib	SRI	99	f
2691	Tarn Taran	TAR	99	f
2692	Ajmer	AJM	100	f
2693	Alwar	ALW	100	f
2694	Banswara	BAN	100	f
2695	Baran	BAR	100	f
2696	Barmer	BAR	100	f
2697	Bharatpur	BHA	100	f
2698	Bhilwara	BHI	100	f
2699	Bikaner	BIK	100	f
2700	Bundi	BUN	100	f
2701	Chittorgarh	CHI	100	f
2702	Churu	CHU	100	f
2703	Dausa	DAU	100	f
2704	Dholpur	DHO	100	f
2705	Dungarpur	DUN	100	f
2706	Ganganagar	GAN	100	f
2707	Hanumangarh	HAN	100	f
2708	Jaipur	JAI	100	f
2709	Jaisalmer	JAI	100	f
2710	Jalore	JAL	100	f
2711	Jhalawar	JHA	100	f
2712	Jhunjhunu	JHU	100	f
2713	Jodhpur	JOD	100	f
2714	Karauli	KAR	100	f
2715	Kota	KOT	100	f
2716	Nagaur	NAG	100	f
2717	Pali	PAL	100	f
2718	Pratapgarh	PRA	100	f
2719	Rajsamand	RAJ	100	f
2720	Sawai Madhopur	SAW	100	f
2721	Sikar	SIK	100	f
2722	Sirohi	SIR	100	f
2723	Tonk	TON	100	f
2724	Udaipur	UDA	100	f
2725	Gangtok	GAN	101	f
2726	Gyalshing	GYA	101	f
2727	Mangan	MAN	101	f
2728	Namchi	NAM	101	f
2729	Pakyong	PAK	101	f
2730	Soreng	SOR	101	f
2731	Ariyalur	ARI	102	f
2732	Chengalpattu	CHE	102	f
2733	Coimbatore	COI	102	f
2734	Cuddalore	CUD	102	f
2735	Dharmapuri	DHA	102	f
2736	Dindigul	DIN	102	f
2737	Erode	ERO	102	f
2738	Kallakurichi	KAL	102	f
2739	Kanchipuram	KAN	102	f
2740	Kanniyakumari	KAN	102	f
2741	Karur	KAR	102	f
2742	Krishnagiri	KRI	102	f
2743	Madurai	MAD	102	f
2744	Mayiladuthurai	MAY	102	f
2745	Nagapattinam	NAG	102	f
2746	Namakkal	NAM	102	f
2747	Perambalur	PER	102	f
2748	Pudukkottai	PUD	102	f
2749	Ramanathapuram	RAM	102	f
2750	Ranipet	RAN	102	f
2751	Salem	SAL	102	f
2752	Sivaganga	SIV	102	f
2753	Tenkasi	TEN	102	f
2754	Thanjavur	THA	102	f
2755	Theni	THE	102	f
2756	The Nilgiris	THE	102	f
2757	Thiruvallur	THI	102	f
2758	Thiruvarur	THI	102	f
2759	Tiruchirappalli	TIR	102	f
2760	Tirunelveli	TIR	102	f
2761	Tirupathur	TIR	102	f
2762	Tiruppur	TIR	102	f
2763	Tiruvannamalai	TIR	102	f
2764	Tuticorin	TUT	102	f
2765	Vellore	VEL	102	f
2766	Villupuram	VIL	102	f
2767	Virudhunagar	VIR	102	f
2768	Adilabad	ADI	103	f
2769	Bhadradri Kothagudem	BHA	103	f
2770	Hanumakonda	HAN	103	f
2771	Hyderabad	HYD	103	f
2772	Jagitial	JAG	103	f
2773	Jangoan	JAN	103	f
2774	Jayashankar Bhupalapally	JAY	103	f
2775	Jogulamba Gadwal	JOG	103	f
2776	Kamareddy	KAM	103	f
2777	Karimnagar	KAR	103	f
2778	Khammam	KHA	103	f
2779	Kumuram Bheem Asifabad	KUM	103	f
2780	Mahabubabad	MAH	103	f
2781	Mahabubnagar	MAH	103	f
2782	Mancherial	MAN	103	f
2783	Medak	MED	103	f
2784	Medchal Malkajgiri	MED	103	f
2785	Mulugu	MUL	103	f
2786	Nagarkurnool	NAG	103	f
2787	Nalgonda	NAL	103	f
2788	Narayanpet	NAR	103	f
2789	Nirmal	NIR	103	f
2790	Nizamabad	NIZ	103	f
2791	Peddapalli	PED	103	f
2792	Rajanna Sircilla	RAJ	103	f
2793	Ranga Reddy	RAN	103	f
2794	Sangareddy	SAN	103	f
2795	Siddipet	SID	103	f
2796	Suryapet	SUR	103	f
2797	Vikarabad	VIK	103	f
2798	Wanaparthy	WAN	103	f
2799	Warangal	WAR	103	f
2800	Yadadri Bhuvanagiri	YAD	103	f
2801	Dadra And Nagar Haveli	DAD	104	f
2802	Daman	DAM	104	f
2803	Diu	DIU	104	f
2804	Dhalai	DHA	105	f
2805	Gomati	GOM	105	f
2806	Khowai	KHO	105	f
2807	North Tripura	NOR	105	f
2808	Sepahijala	SEP	105	f
2809	South Tripura	SOU	105	f
2810	Unakoti	UNA	105	f
2811	West Tripura	WES	105	f
2812	Almora	ALM	106	f
2813	Bageshwar	BAG	106	f
2814	Chamoli	CHA	106	f
2815	Champawat	CHA	106	f
2816	Dehradun	DEH	106	f
2817	Haridwar	HAR	106	f
2818	Nainital	NAI	106	f
2819	Pauri Garhwal	PAU	106	f
2820	Pithoragarh	PIT	106	f
2821	Rudra Prayag	RUD	106	f
2822	Tehri Garhwal	TEH	106	f
2823	Udam Singh Nagar	UDA	106	f
2824	Uttar Kashi	UTT	106	f
2825	Agra	AGR	107	f
2826	Aligarh	ALI	107	f
2827	Ambedkar Nagar	AMB	107	f
2828	Amethi	AME	107	f
2829	Amroha	AMR	107	f
2830	Auraiya	AUR	107	f
2831	Ayodhya	AYO	107	f
2832	Azamgarh	AZA	107	f
2833	Baghpat	BAG	107	f
2834	Bahraich	BAH	107	f
2835	Ballia	BAL	107	f
2836	Balrampur	BAL	107	f
2837	Banda	BAN	107	f
2838	Barabanki	BAR	107	f
2839	Bareilly	BAR	107	f
2840	Basti	BAS	107	f
2841	Bhadohi	BHA	107	f
2842	Bijnor	BIJ	107	f
2843	Budaun	BUD	107	f
2844	Bulandshahr	BUL	107	f
2845	Chandauli	CHA	107	f
2846	Chitrakoot	CHI	107	f
2847	Deoria	DEO	107	f
2848	Etah	ETA	107	f
2849	Etawah	ETA	107	f
2850	Farrukhabad	FAR	107	f
2851	Fatehpur	FAT	107	f
2852	Firozabad	FIR	107	f
2853	Gautam Buddha Nagar	GAU	107	f
2854	Ghaziabad	GHA	107	f
2855	Ghazipur	GHA	107	f
2856	Gonda	GON	107	f
2857	Gorakhpur	GOR	107	f
2858	Hamirpur	HAM	107	f
2859	Hapur	HAP	107	f
2860	Hardoi	HAR	107	f
2861	Hathras	HAT	107	f
2862	Jalaun	JAL	107	f
2863	Jaunpur	JAU	107	f
2864	Jhansi	JHA	107	f
2865	Kannauj	KAN	107	f
2866	Kanpur Dehat	KAN	107	f
2867	Kanpur Nagar	KAN	107	f
2868	Kasganj	KAS	107	f
2869	Kaushambi	KAU	107	f
2870	Kheri	KHE	107	f
2871	Kushi Nagar	KUS	107	f
2872	Lalitpur	LAL	107	f
2873	Lucknow	LUC	107	f
2874	Maharajganj	MAH	107	f
2875	Mahoba	MAH	107	f
2876	Mainpuri	MAI	107	f
2877	Mathura	MAT	107	f
2878	Mau	MAU	107	f
2879	Meerut	MEE	107	f
2880	Mirzapur	MIR	107	f
2881	Moradabad	MOR	107	f
2882	Muzaffarnagar	MUZ	107	f
2883	Pilibhit	PIL	107	f
2884	Pratapgarh	PRA	107	f
2885	Prayagraj	PRA	107	f
2886	Rae Bareli	RAE	107	f
2887	Rampur	RAM	107	f
2888	Saharanpur	SAH	107	f
2889	Sambhal	SAM	107	f
2890	Sant Kabeer Nagar	SAN	107	f
2891	Shahjahanpur	SHA	107	f
2892	Shamli	SHA	107	f
2893	Shravasti	SHR	107	f
2894	Siddharth Nagar	SID	107	f
2895	Sitapur	SIT	107	f
2896	Sonbhadra	SON	107	f
2897	Sultanpur	SUL	107	f
2898	Unnao	UNN	107	f
2899	Varanasi	VAR	107	f
2900	24 Paraganas North	24	108	f
2901	24 Paraganas South	24	108	f
2902	Alipurduar	ALI	108	f
2903	Bankura	BAN	108	f
2904	Birbhum	BIR	108	f
2905	Coochbehar	COO	108	f
2906	Darjeeling	DAR	108	f
2907	Dinajpur Dakshin	DIN	108	f
2908	Dinajpur Uttar	DIN	108	f
2909	Hooghly	HOO	108	f
2910	Howrah	HOW	108	f
2911	Jalpaiguri	JAL	108	f
2912	Jhargram	JHA	108	f
2913	Kalimpong	KAL	108	f
2914	Maldah	MAL	108	f
2915	Medinipur East	MED	108	f
2916	Medinipur West	MED	108	f
2917	Murshidabad	MUR	108	f
2918	Nadia	NAD	108	f
2919	Paschim Bardhaman	PAS	108	f
2920	Purba Bardhaman	PUR	108	f
2921	Purulia	PUR	108	f
2922	Central	CEN	109	f
2923	East	EAS	109	f
2924	New Delhi	NEW	109	f
2925	North	NOR	109	f
2926	North East	NOR	109	f
2927	North West	NOR	109	f
2928	Shahdara	SHA	109	f
2929	South	SOU	109	f
2930	South East	SOU	109	f
2931	South West	SOU	109	f
2932	West	WES	109	f
2934	Bishnupur HD	BIS	108	f
2935	Rampurhat HD	RAM	108	f
2936	Nandigram HD	NAN	108	f
2937	Basirhat HD	BAS	108	f
2938	Diamond Harbour HD	DIA	108	f
2939	Kolkata	KOL	108	f
2940	Mumbai	MUM	92	f
2941	BBMP	BBM	87	f
\.


--
-- Data for Name: account_financialdetail; Type: TABLE DATA; Schema: public; Owner: postgres
--

COPY public.account_financialdetail (id, year, salary, contingencies, non_contingencies, recurring, travel, overhead_expens, total, created, updated, projectdetail_id, projectpi_id, user_id, comment, interest, remainamount, carry_forward_amount, interest_tr_amount, remain_tr_amount, subtotal, transfer_from_to, uc_submit) FROM stdin;
3	3rd	20000	20000	20000	20000	20000	20000	120000	2025-08-22 10:39:34.3081+05:30	2025-09-01 14:46:25.538611+05:30	1	1	1	comment	4000	0	7000	0	0	131000	\N	YES
19	3rd	15000	15000	15000	15000	15000	15000	90000	2025-09-23 16:47:37.178003+05:30	2025-09-23 16:47:37.178011+05:30	8	8	1	Remarks	0	0	0	0	0	90000	\N	NO
2	2nd	20000	20000	20000	20000	20000	20000	120000	2025-08-22 10:39:10.280071+05:30	2025-09-01 14:46:25.539454+05:30	1	1	1	comment	4000	3000	8000	4000	3000	132000	2nd->3rd	YES
5	2nd	20000	20000	20000	20000	20000	20000	120000	2025-08-25 14:52:48.203652+05:30	2025-09-08 14:40:22.073882+05:30	2	2	1	comment	4000	0	120000	4000	0	244000	2nd->3rd	YES
21	1st	10000	10000	10000	10000	10000	10000	60000	2025-10-16 14:29:35.932122+05:30	2025-10-23 14:38:04.592804+05:30	8	1	1	Remarks	2000	0	0	2000	0	60000	1st->2nd	YES
1	1st	20000	20000	20000	20000	20000	20000	120000	2025-08-22 10:38:22.95067+05:30	2025-09-01 12:36:50.349441+05:30	1	1	1	comment	2000	6000	0	2000	6000	122000	1st->2nd	YES
4	1st	20000	20000	20000	20000	20000	20000	120000	2025-08-25 14:52:18.018319+05:30	2025-09-08 14:40:22.094709+05:30	2	2	1	comment	10	119990	0	10	119990	120010	1st->2nd	YES
8	3rd	100	100	100	100	100	10	510	2025-08-25 15:22:24.887396+05:30	2025-08-25 15:22:24.887419+05:30	3	3	1	3rd 	0	0	0	0	0	510	\N	NO
9	4th	100	100	100	100	100	10	510	2025-08-25 15:22:46.84855+05:30	2025-08-25 15:22:46.848573+05:30	3	3	1	2nd 	0	0	0	0	0	510	\N	NO
16	3rd	20000	20000	20000	20000	20000	20000	120000	2025-09-22 14:43:26.773869+05:30	2025-10-15 16:58:55.845823+05:30	7	7	1	comment	2000	0	2000	0	0	124000	\N	YES
10	4th	20000	20000	20000	20000	20000	20000	120000	2025-08-26 11:47:28.877867+05:30	2025-08-26 11:47:28.877883+05:30	2	2	1	comment	0	0	0	0	0	120000	\N	NO
11	1st	20000	20000	20000	20000	20000	20000	120000	2025-08-27 11:45:35.815316+05:30	2025-08-27 11:45:35.815331+05:30	3	2	1	comment	0	0	0	0	0	120000	\N	NO
12	1st	100	100	100	100	100	100	600	2025-08-27 14:32:30.199056+05:30	2025-08-27 14:32:30.199078+05:30	4	4	1	ok	0	0	0	0	0	600	\N	NO
13	2nd	200	200	200	200	200	200	1200	2025-08-27 14:33:18.509799+05:30	2025-08-27 14:33:18.509821+05:30	4	4	1	ok	0	0	0	0	0	1200	\N	NO
23	3rd	10000	10000	10000	10000	10000	10000	60000	2025-10-16 14:32:55.330675+05:30	2025-10-23 14:37:59.012638+05:30	8	1	1	Remarks	2000	6000	8000	0	0	68000	\N	YES
14	1st	20000	20000	20000	20000	20000	20000	120000	2025-09-22 14:42:42.692199+05:30	2025-09-22 14:45:59.971814+05:30	7	7	1	comment	2000	0	0	2000	0	122000	1st->2nd	YES
20	4th	20000	20000	20000	20000	20000	20000	120000	2025-10-13 15:48:52.320901+05:30	2025-10-16 12:51:33.94529+05:30	1	1	1	Remarks	2000	0	0	0	0	122000	\N	YES
7	1st	100	100	100	100	100	10	510	2025-08-25 15:06:09.976061+05:30	2025-09-01 12:33:59.682752+05:30	3	3	1	1st install of 1st year	20	255	0	0	0	530	\N	YES
15	2nd	20000	20000	20000	20000	20000	20000	120000	2025-09-22 14:43:10.633149+05:30	2025-09-22 14:48:14.332771+05:30	7	7	1	comment	2000	0	2000	2000	0	124000	2nd->3rd	YES
6	3rd	20000	20000	20000	20000	20000	20000	120000	2025-08-25 14:53:06.247916+05:30	2025-09-01 14:43:37.003682+05:30	2	2	1	20000	0	0	4000	0	0	124000	\N	NO
17	1st	15000	15000	15000	15000	15000	15000	90000	2025-09-23 16:46:09.123821+05:30	2025-09-23 16:46:09.123845+05:30	8	8	1	Remarks	0	0	0	0	0	90000	\N	NO
18	2nd	15000	15000	15000	15000	15000	15000	90000	2025-09-23 16:47:16.24614+05:30	2025-09-23 16:47:16.246147+05:30	8	8	1	Remarks	0	0	0	0	0	90000	\N	NO
26	3rd	20000	20000	20000	20000	20000	20000	120000	2025-10-23 14:44:19.753832+05:30	2025-10-28 14:35:44.724491+05:30	5	2	1	\N	2000	6500	5000	0	0	125000	\N	YES
27	1st	10000	10000	10000	10000	10000	10000	60000	2025-10-24 16:13:10.027094+05:30	2025-11-03 14:53:57.946634+05:30	6	3	1	\N	2000	6000	0	2000	6000	0	1st->2nd	YES
22	2nd	10000	10000	10000	10000	10000	10000	60000	2025-10-16 14:31:38.86495+05:30	2025-10-23 14:38:04.591618+05:30	8	1	1	Remarks	2000	6000	2000	2000	6000	62000	2nd->3rd	YES
25	2nd	20000	20000	20000	20000	20000	20000	120000	2025-10-23 14:44:05.498316+05:30	2025-10-27 11:16:12.851064+05:30	5	2	1	\N	2000	3000	8000	2000	3000	128000	2nd->3rd	YES
24	1st	20000	20000	20000	20000	20000	20000	120000	2025-10-23 14:43:47.227474+05:30	2025-10-23 15:20:46.706529+05:30	5	2	1	\N	2000	6000	0	2000	6000	120000	1st->2nd	YES
28	2nd	10000	10000	10000	10000	10000	10000	60000	2025-10-24 16:13:27.709211+05:30	2025-11-03 14:53:57.945623+05:30	6	3	1	\N	0	0	8000	0	0	8000	\N	NO
29	3rd	10000	10000	10000	10000	10000	10000	60000	2025-10-24 16:13:44.042482+05:30	2025-11-03 14:46:44.556421+05:30	6	3	1	\N	0	0	0	0	0	0	\N	NO
\.


--
-- Data for Name: account_institutedetail; Type: TABLE DATA; Schema: public; Owner: postgres
--

COPY public.account_institutedetail (id, name, sortcode, institute_type, contactno, address, created, updated, district_id, state_id, user_id) FROM stdin;
1	Jawaharlal Nehru University	JNU	Government	9999001233	G5Q8+WHC, New Mehrauli Road, JNU Ring Rd, New Delhi, 110067	2025-08-22 10:12:51.882487+05:30	2025-08-22 10:12:51.882526+05:30	2924	109	1
2	Makhanlal Chaturvedi National University of Journalism and Communication, Bhopal, Madhya Pradesh, In	MCRPB	Government	9999112233	Vikas Bhawan, B-38, opp. Dak Bhawan, Shikhar Varta, Indira Press Complex, Zone-I, Maharana Pratap Nagar, Bhopal, Madhya Pradesh 462011	2025-08-25 14:40:27.749231+05:30	2025-08-25 14:40:27.74926+05:30	2507	91	1
3	Indian Council of Medical Research	ICMR	Government	9999999999	abc 123	2025-08-27 14:27:02.82997+05:30	2025-08-27 14:27:02.829997+05:30	2814	106	1
\.


--
-- Data for Name: account_projectdetail; Type: TABLE DATA; Schema: public; Owner: postgres
--

COPY public.account_projectdetail (id, projectid, title, filenumber, proposalfile, prcrecommend, prccomment, start_date, end_date, created, updated, user_id, duration, approvalfile, eofficnumber, prc_date, project_type) FROM stdin;
2	1920-1958	The discovery of the molecular structure of DNA	10002	pdfs/blank_jDbe6qD.pdf	Approved	\N	2024-12-01	2025-08-25	2025-08-25 14:51:35.337849+05:30	2025-08-25 14:51:35.337855+05:30	1	8	pdfs/blank_PMtgwpV.pdf	10002	2025-08-18	\N
3	2021-12000	A to Z	BIC/12(11)/2021	pdfs/AI_ceD54CY.pdf	Approved	\N	2021-12-10	2024-12-09	2025-08-25 15:05:28.425798+05:30	2025-08-25 15:05:28.425816+05:30	1	35	pdfs/AI.pdf	123456	2021-08-11	\N
4	2012-2006	title	bic/2009	pdfs/Configurations_VJlHFtq.pdf	Approved	\N	2025-08-25	2026-12-11	2025-08-27 14:31:43.822601+05:30	2025-08-28 14:51:04.360786+05:30	1	15	pdfs/Configurations.pdf	1234	2025-08-27	\N
1	1791-1867	Electrochemistry and Electromagnetism Research	1000017	pdfs/blank_c9zQBgG.pdf	Approved	\N	2024-12-02	2025-08-21	2025-08-22 10:37:15.427866+05:30	2025-09-16 13:08:06.707082+05:30	1	8	pdfs/blank_yvD3Nm8.pdf	1000017	2025-08-21	NHRP
5	2001-2002	Allopathic Medicine Reasearch	ROOP/123/2002	pdfs/blank_EefipPC.pdf	Approved	\N	2025-09-01	2026-08-01	2025-09-11 11:08:27.14045+05:30	2025-09-19 10:44:34.978613+05:30	1	12	pdfs/blank_czTkxWc.pdf	1000001	2025-04-01	adhoc
7	2008-2012	Developing The Use Of X-Rays For Medical Diagnoses, Especially During World War	ROOP/20082012	pdfs/blank_20ZcZOo.pdf	Approved	\N	2009-09-04	2012-09-04	2025-09-22 14:42:07.304281+05:30	2025-09-22 14:42:07.304294+05:30	1	37	pdfs/blank_SG7QMgr.pdf	20082012	2000-09-08	NHRP
8	1847-1850	Electric Power Generation, Sound Recording Research	ROOP/18471850	pdfs/blank_xercHft.pdf	Approved	\N	2001-09-14	2004-09-09	2025-09-23 16:45:03.921101+05:30	2025-09-23 16:45:03.921119+05:30	1	36	pdfs/blank_ZR6Rpr3.pdf	18471850	2001-09-06	NHRP
6	2023-52452	Pan India	BMS/12(854)/2025	pdfs/blank_AIPwd8A.pdf	Approved	\N	2025-09-23	2028-09-22	2025-09-22 10:46:53.845851+05:30	2025-09-23 16:51:55.519343+05:30	1	36	pdfs/blank_ukLz64B.pdf	524253	2025-09-03	adhoc
9	1564-1565	The Design Of The Telescope, Enabling Groundbreaking Astronomical Observations	15641565	pdfs/blank_o3PUNr9.pdf	Approved	\N	2001-10-31	2003-10-31	2025-10-29 12:31:53.732937+05:30	2025-10-29 12:31:53.732944+05:30	1	25	pdfs/blank_nkQdGwF.pdf	15641565	2000-10-31	taskforce
\.


--
-- Data for Name: account_projectdetail_projectpi; Type: TABLE DATA; Schema: public; Owner: postgres
--

COPY public.account_projectdetail_projectpi (id, projectdetail_id, projectpidetail_id) FROM stdin;
1	1	1
2	2	2
3	3	2
4	3	3
5	4	4
6	5	2
8	6	3
9	7	7
10	8	8
11	8	1
12	9	9
\.


--
-- Data for Name: account_projectpidetail; Type: TABLE DATA; Schema: public; Owner: postgres
--

COPY public.account_projectpidetail (id, name, institute_id, contactno, emailid, address, created, updated, district_pi_id, state_pi_id, user_id, area_expertise, designation, dob, gender, qualification, qualification_other) FROM stdin;
3	Dr ABC	1	9999999999	abc@gmail.com	\N	2025-08-25 15:00:10.554341+05:30	2025-08-25 15:00:10.554357+05:30	2924	109	1	IT	scientist	1990-04-01	Male	Phd	\N
4	Prof abc	3	9999999999	hsingh@bmi.icmr.org.in	\N	2025-08-27 14:29:03.628471+05:30	2025-08-27 14:29:03.628495+05:30	2814	106	1	bioinformatics	scientist	1975-08-27	Male	MBBS	\N
2	Mr. Rosalind Franklin	2	8880012345	rosalind@abc.com	\N	2025-08-25 14:48:44.513379+05:30	2025-09-18 17:07:42.56278+05:30	2507	91	1	X-ray crystallographer	Scientist	1920-07-25	Male	Phd	\N
6	Mr. rohit rana	1	9854254254	rohit@yahoo.in	\N	2025-09-22 10:40:28.736987+05:30	2025-09-22 10:40:28.736995+05:30	2924	109	1	Bioinformatics	professor	1984-01-03	Male	Phd	\N
7	Mr. Marie Curie	2	9999999999	mariecurie@abc.com	\N	2025-09-22 14:37:33.669113+05:30	2025-09-22 14:37:33.669144+05:30	2507	91	1	Bioinformatics	Scientist	1867-09-11	Male	Phd	\N
1	Mr. Michael Faraday	1	9999001233	michael@abc.com	\N	2025-08-22 10:34:13.659977+05:30	2025-09-23 15:54:25.268022+05:30	2924	109	1	experimental physicists	Scientist	1950-08-21	Male	Phd	\N
8	Mr. Thomas Alva Edison	1	9999999999	Thomas@abc.com	\N	2025-09-23 16:41:43.198504+05:30	2025-09-23 16:41:43.198522+05:30	2924	109	1	Cancer Expertise	Scientist	1993-09-02	Male	MD	\N
9	Dr Galileo Galilei	1	9999999999	galileo@abc.com	\N	2025-10-29 12:25:49.660826+05:30	2025-10-29 12:25:49.660851+05:30	2924	109	1	Astronomer	Designation	1923-10-25	Male	M.Tech	\N
\.


--
-- Data for Name: account_releasebuget; Type: TABLE DATA; Schema: public; Owner: postgres
--

COPY public.account_releasebuget (id, year, salary, contingencies, non_contingencies, recurring, travel, overhead_expens, total, fileupload, created, updated, finance_id, projectdetail_id, projectpi_id, user_id, release_no, comment) FROM stdin;
2	2nd-release-1	22000	22000	21000	21000	21000	21000	128000	pdfs/blank_X3EGzUr.pdf	2025-08-22 10:46:33.628742+05:30	2025-08-22 10:46:33.628755+05:30	2	1	1	1	2nd-release-1	release comment
3	3rd-release-1	22000	21000	21000	21000	21000	21000	127000	pdfs/blank_TY3TiSn.pdf	2025-08-22 10:52:02.234568+05:30	2025-08-22 10:52:02.234587+05:30	3	1	1	1	3rd-release-1	release comment
4	1st-release-1	20000	20000	20000	20000	20000	20000	120000	pdfs/blank_AEHTdZY.pdf	2025-08-25 14:54:09.392366+05:30	2025-08-25 14:55:25.06426+05:30	4	2	2	1	1st-release-1	release comment
5	1st-release-1	100	100	100	100	100	10	510		2025-08-25 15:08:03.341648+05:30	2025-08-25 15:08:03.341662+05:30	7	3	3	1	1st-release-1	1 installement
6	1st-release-2	50	50	50	50	50	5	255		2025-08-25 15:26:08.091611+05:30	2025-08-25 15:26:08.091632+05:30	7	3	3	1	1st-release-2	
7	1st-release-1	90	90	90	90	90	90	540		2025-08-27 14:34:29.039605+05:30	2025-08-27 14:34:29.03962+05:30	12	4	4	1	1st-release-1	ok
1	1st-release-1	20000	20000	20000	20000	20000	20000	120000	pdfs/blank_uxwa7W6.pdf	2025-08-22 10:41:15.097828+05:30	2025-09-01 12:03:00.05796+05:30	1	1	1	1	1st-release-1	Hover over the buttons below to see the four tooltips directions: top, right, bottom, and left. Directions are mirrored when using Bootstrap in RTL.
8	release	20000	20000	20000	20000	20000	20000	120000	pdfs/blank_JXfepfM.pdf	2025-09-01 14:26:34.464432+05:30	2025-09-01 14:26:34.464447+05:30	5	2	2	1	2nd-release-1	comment
10	release	10000	10000	10000	10000	10000	10000	60000		2025-09-22 14:45:01.787034+05:30	2025-09-22 14:45:01.78705+05:30	14	7	7	1	1st-release-2	release comment
11	release	20000	20000	20000	20000	20000	20000	120000		2025-09-22 14:47:36.724865+05:30	2025-09-22 14:47:36.724874+05:30	15	7	7	1	2nd-release-1	release comment
12	release	12000	12000	12000	12000	12000	12000	72000	pdfs/blank_WAzKTaZ.pdf	2025-09-23 16:49:34.377037+05:30	2025-09-23 16:49:34.377055+05:30	17	8	8	1	1st-release-1	Release Remarks
33	1st	2000	2000	2000	2000	2000	2000	12000	pdfs/rgrtrhthytytjyjyujyuyuyuyuuuughghghhgjhgh.pdf	2025-10-29 10:08:59.283029+05:30	2025-10-29 10:08:59.283043+05:30	27	6	3	1	1st-release-3	remarks
9	1st-release-1	10000	10000	10000	10000	10000	10000	60000	pdfs/blank_ar2KFJK.pdf	2025-09-22 14:44:11.524921+05:30	2025-09-23 16:50:27.478514+05:30	14	7	7	1	1st-release-1	release comment
13	\N	10000	10000	10000	10000	10000	10000	60000	pdfs/blank_bpBTIBR.pdf	2025-10-14 14:50:46.020324+05:30	2025-10-14 14:56:19.493509+05:30	16	7	7	1	3rd-release-1	remarks
14		10000	10000	10000	10000	10000	10000	60000	pdfs/blank_fKDi8ON.pdf	2025-10-14 15:53:48.211425+05:30	2025-10-14 15:53:48.21144+05:30	16	7	7	1	3rd-release-2	remarks
15		10000	10000	10000	10000	10000	10000	60000	pdfs/blank_8V8xEZx.pdf	2025-10-16 12:47:45.135215+05:30	2025-10-16 12:47:45.135226+05:30	20	1	1	1	4th-release-1	remarks
16		10000	10000	10000	10000	10000	10000	60000	pdfs/blank_LVngYTA.pdf	2025-10-16 12:49:42.921788+05:30	2025-10-16 12:49:42.921798+05:30	20	1	1	1	4th-release-2	remarks
17		10000	10000	10000	10000	10000	10000	60000	pdfs/blank_lo0Rf4X.pdf	2025-10-16 14:33:29.562941+05:30	2025-10-16 14:33:29.562961+05:30	21	8	1	1	1st-release-1	remarks
18	2nd	10000	10000	10000	10000	10000	10000	60000	pdfs/blank_MzDTBdH.pdf	2025-10-23 12:33:39.233512+05:30	2025-10-23 12:33:39.233537+05:30	22	8	1	1	2nd-release-1	remarks
19	3rd	10000	10000	10000	10000	10000	10000	60000	pdfs/blank_n7c7yxW.pdf	2025-10-23 12:36:34.736681+05:30	2025-10-23 12:36:34.736699+05:30	23	8	1	1	3rd-release-1	remarks
21	1st	20000	20000	20000	20000	20000	20000	120000	pdfs/blank_XkzkrPs.pdf	2025-10-23 15:20:06.812892+05:30	2025-10-23 15:20:06.812909+05:30	24	5	2	1	1st-release-1	remarks
23	2nd	20000	20000	20000	20000	20000	20000	120000	pdfs/blank_VUoY3Iy.pdf	2025-10-24 16:17:31.892072+05:30	2025-10-24 16:17:31.892083+05:30	25	5	2	1	2nd-release-1	remarks
24	3rd	20000	20000	20000	20000	20000	20000	120000	pdfs/blank_BSsC5Qr.pdf	2025-10-27 11:17:15.188782+05:30	2025-10-27 11:17:15.188805+05:30	26	5	2	1	3rd-release-1	remarks
25	1st	5000	5000	5000	5000	5000	5000	30000	pdfs/blank_MDZVYeZ.pdf	2025-10-28 15:09:39.203591+05:30	2025-10-28 15:09:39.203606+05:30	27	6	3	1	1st-release-1	remarks
32	1st	2000	2000	2000	2000	2000	2000	12000	pdfs/blank_t5IKR5x.pdf	2025-10-29 10:06:19.369123+05:30	2025-10-29 10:06:19.369132+05:30	27	6	3	1	1st-release-2	remarks
34	1st	1000	1000	1000	1000	1000	1000	6000	pdfs/rgrtrhthytytjyjyujyuyuyuyuuuughghghhgjhgh_LsP0TyQ.pdf	2025-10-29 10:10:53.353007+05:30	2025-11-03 14:47:25.088733+05:30	27	6	3	1	1st-release-4	remarks
\.


--
-- Data for Name: account_state; Type: TABLE DATA; Schema: public; Owner: postgres
--

COPY public.account_state (id, name, code, dummy, latitude, longitude) FROM stdin;
74	Andaman And Nicobar Islands	ANI	f	False	11.7401
75	Andhra Pradesh	ANP	f	False	15.9129
76	Arunachal Pradesh	ARP	f	False	28.218
77	Assam	ASM	f	False	31.1048
78	Bihar	BIH	f	False	25.0961
79	Chandigarh	CHA	f	False	30.7333
80	Chhattisgarh	CHH	f	False	21.2787
81	Goa	GOA	f	False	15.2993
82	Gujarat	GUJ	f	False	22.2587
83	Haryana	HAR	f	False	29.0588
84	Himachal Pradesh	HIM	f	False	31.1048
85	Jammu And Kashmir	JAM	f	False	33.7782
86	Jharkhand	JHA	f	False	23.6102
87	Karnataka	KAR	f	False	15.3173
88	Kerala	KER	f	False	10.8505
89	Ladakh	LAD	f	False	34.2996
90	Lakshadweep	LAK	f	False	10
91	Madhya Pradesh	MAD	f	False	22.9734
92	Maharashtra	MAH	f	False	19.7515
93	Manipur	MAN	f	False	24.6637
94	Meghalaya	MEG	f	False	25.467
95	Mizoram	MIZ	f	False	23.1645
96	Nagaland	NAG	f	False	26.1584
97	Odisha	ODI	f	False	20.9517
98	Puducherry	PUD	f	False	11.9416
99	Punjab	PUN	f	False	31.1471
100	Rajasthan	RAJ	f	False	27.0238
101	Sikkim	SIK	f	False	27.533
102	Tamil Nadu	TAM	f	False	11.1271
103	Telangana	TEL	f	False	18.1124
104	The Dadra And Nagar Haveli And Daman And Diu	DNH	f	False	20.1809
105	Tripura	TRI	f	False	23.9408
106	Uttarakhand	UTR	f	False	30.0668
107	Uttar Pradesh	UTP	f	False	26.8467
108	West Bengal	WES	f	False	22.9868
109	Delhi	DEL	f	False	28.7041
\.


--
-- Data for Name: account_usedbalance; Type: TABLE DATA; Schema: public; Owner: postgres
--

COPY public.account_usedbalance (id, year, salary, contingencies, non_contingencies, recurring, travel, overhead_expens, total, fileupload, created, updated, finance_id, projectdetail_id, projectpi_id, user_id, uc_no, comment, interest) FROM stdin;
3	3rd-uc-1	22000	21000	21000	21000	21000	21000	127000	pdfs/blank_VwsEjgv.pdf	2025-08-22 10:53:13.262047+05:30	2025-08-22 10:53:13.262071+05:30	3	1	1	1	\N	uc comment	4000
5	1st-uc-1	100	100	100	100	100	10	510		2025-08-25 15:28:18.736146+05:30	2025-09-01 12:33:59.677802+05:30	7	3	3	1	\N	UC	20
1	1st-uc-1	19000	19000	19000	19000	19000	19000	114000	pdfs/blank_iRDFUl4.pdf	2025-08-22 10:44:15.989163+05:30	2025-09-01 12:36:50.345168+05:30	1	1	1	1	\N	uc comment	2000
4	1st-uc-1	19000	19000	19000	19000	19000	19000	114000	pdfs/blank_nWpuf5R.pdf	2025-08-25 14:56:22.703625+05:30	2025-09-01 12:37:46.834951+05:30	4	2	2	1	\N	uc comment	2000
7	uc	20000	20000	20000	20000	20000	20000	120000	pdfs/blank_1gO6sMT.pdf	2025-09-01 14:43:37.051366+05:30	2025-09-01 14:43:37.051401+05:30	5	2	2	1	2nd-uc-1	uc comment	4000
2	2nd-uc-1	21500	21500	20500	20500	20500	20500	125000	pdfs/blank_ra7Hv94.pdf	2025-08-22 10:48:33.246901+05:30	2025-09-01 14:46:25.539828+05:30	2	1	1	1	\N	uc comment	4000
8	uc	20000	20000	20000	20000	20000	20000	120000	pdfs/blank_j2spRtE.pdf	2025-09-22 14:45:59.994207+05:30	2025-09-22 14:45:59.994233+05:30	14	7	7	1	1st-uc-1	uc comment	2000
9	uc	20000	20000	20000	20000	20000	20000	120000	pdfs/blank_ahLJUJF.pdf	2025-09-22 14:48:14.356097+05:30	2025-09-22 14:48:14.356125+05:30	15	7	7	1	2nd-uc-1	uc comment	2000
11		20000	20000	20000	20000	20000	20000	120000	pdfs/blank_DJ9qUq0.pdf	2025-10-15 16:58:55.859368+05:30	2025-10-15 16:58:55.859388+05:30	16	7	7	1	3rd-uc-1	remarks	2000
12		20000	20000	20000	20000	20000	20000	120000	pdfs/blank_SYCKWpe.pdf	2025-10-16 12:51:33.959132+05:30	2025-10-16 12:51:33.95914+05:30	20	1	1	1	4th-uc-1	undefined	2000
20	3rd	9000	9000	9000	9000	9000	9000	54000	pdfs/blank_NeR60wn.pdf	2025-10-23 12:52:43.73977+05:30	2025-10-23 13:06:52.661878+05:30	23	8	1	1	3rd-uc-1	remarks	2000
16	2nd	9000	9000	9000	9000	9000	9000	54000	pdfs/blank_6ibYJvA.pdf	2025-10-23 12:34:33.419328+05:30	2025-10-23 14:37:59.015881+05:30	22	8	1	1	2nd-uc-1	remarks	2000
15	1st	10000	10000	10000	10000	10000	10000	60000	pdfs/blank_DaOnDsd.pdf	2025-10-16 15:12:38.625333+05:30	2025-10-23 14:38:04.593367+05:30	21	8	1	1	1st-uc-1	remarks	2000
21	1st	19000	19000	19000	19000	19000	19000	114000	pdfs/blank_1TUGEEW.pdf	2025-10-23 15:20:46.72696+05:30	2025-10-23 15:20:46.726992+05:30	24	5	2	1	1st-uc-1	remarks	2000
54	2nd	19500	19500	19500	19500	19500	19500	117000	pdfs/blank_crm38Fr.pdf	2025-10-27 11:16:12.86938+05:30	2025-10-27 11:16:12.869396+05:30	25	5	2	1	2nd-uc-1	remarks	2000
55	3rd	19000	19000	19000	19500	18000	19000	113500	pdfs/Revised_Proposal-Kaja.pdf	2025-10-28 14:34:05.808686+05:30	2025-10-28 14:34:05.808714+05:30	26	5	2	1	3rd-uc-1	3rd uc	2000
68	1st	9000	9000	9000	9000	9000	9000	54000	pdfs/blank_xAWL8gj.pdf	2025-10-29 12:14:35.856351+05:30	2025-11-03 14:53:57.947068+05:30	27	6	3	1	1st-uc-1	remarks	2000
\.


--
-- Data for Name: auth_group; Type: TABLE DATA; Schema: public; Owner: postgres
--

COPY public.auth_group (id, name) FROM stdin;
1	admin
2	user
\.


--
-- Data for Name: auth_group_permissions; Type: TABLE DATA; Schema: public; Owner: postgres
--

COPY public.auth_group_permissions (id, group_id, permission_id) FROM stdin;
\.


--
-- Data for Name: auth_permission; Type: TABLE DATA; Schema: public; Owner: postgres
--

COPY public.auth_permission (id, name, content_type_id, codename) FROM stdin;
1	Can add log entry	1	add_logentry
2	Can change log entry	1	change_logentry
3	Can delete log entry	1	delete_logentry
4	Can view log entry	1	view_logentry
5	Can add permission	2	add_permission
6	Can change permission	2	change_permission
7	Can delete permission	2	delete_permission
8	Can view permission	2	view_permission
9	Can add group	3	add_group
10	Can change group	3	change_group
11	Can delete group	3	delete_group
12	Can view group	3	view_group
13	Can add user	4	add_user
14	Can change user	4	change_user
15	Can delete user	4	delete_user
16	Can view user	4	view_user
17	Can add content type	5	add_contenttype
18	Can change content type	5	change_contenttype
19	Can delete content type	5	delete_contenttype
20	Can view content type	5	view_contenttype
21	Can add session	6	add_session
22	Can change session	6	change_session
23	Can delete session	6	delete_session
24	Can view session	6	view_session
25	Can add district	7	add_district
26	Can change district	7	change_district
27	Can delete district	7	delete_district
28	Can view district	7	view_district
29	Can add state	8	add_state
30	Can change state	8	change_state
31	Can delete state	8	delete_state
32	Can view state	8	view_state
33	Can add project pi detail	9	add_projectpidetail
34	Can change project pi detail	9	change_projectpidetail
35	Can delete project pi detail	9	delete_projectpidetail
36	Can view project pi detail	9	view_projectpidetail
37	Can add project detail	10	add_projectdetail
38	Can change project detail	10	change_projectdetail
39	Can delete project detail	10	delete_projectdetail
40	Can view project detail	10	view_projectdetail
41	Can add financial detail	11	add_financialdetail
42	Can change financial detail	11	change_financialdetail
43	Can delete financial detail	11	delete_financialdetail
44	Can view financial detail	11	view_financialdetail
45	Can add institute detail	12	add_institutedetail
46	Can change institute detail	12	change_institutedetail
47	Can delete institute detail	12	delete_institutedetail
48	Can view institute detail	12	view_institutedetail
49	Can add used balance	13	add_usedbalance
50	Can change used balance	13	change_usedbalance
51	Can delete used balance	13	delete_usedbalance
52	Can view used balance	13	view_usedbalance
53	Can add release buget	14	add_releasebuget
54	Can change release buget	14	change_releasebuget
55	Can delete release buget	14	delete_releasebuget
56	Can view release buget	14	view_releasebuget
57	Can add balance sheet	15	add_balancesheet
58	Can change balance sheet	15	change_balancesheet
59	Can delete balance sheet	15	delete_balancesheet
60	Can view balance sheet	15	view_balancesheet
\.


--
-- Data for Name: auth_user; Type: TABLE DATA; Schema: public; Owner: postgres
--

COPY public.auth_user (id, password, last_login, is_superuser, username, first_name, last_name, email, is_staff, is_active, date_joined) FROM stdin;
1	pbkdf2_sha256$600000$pODZHmlU5vxZXdhfwXKTRy$DvjkkzTHZzJiGOnRZ2VLNhCkkuGo7M5nwkutWYYDN6o=	2025-11-03 12:11:37.611848+05:30	t	admin			admin@gmail.com	t	t	2025-08-21 12:31:31+05:30
\.


--
-- Data for Name: auth_user_groups; Type: TABLE DATA; Schema: public; Owner: postgres
--

COPY public.auth_user_groups (id, user_id, group_id) FROM stdin;
1	1	1
\.


--
-- Data for Name: auth_user_user_permissions; Type: TABLE DATA; Schema: public; Owner: postgres
--

COPY public.auth_user_user_permissions (id, user_id, permission_id) FROM stdin;
\.


--
-- Data for Name: django_admin_log; Type: TABLE DATA; Schema: public; Owner: postgres
--

COPY public.django_admin_log (id, action_time, object_id, object_repr, action_flag, change_message, content_type_id, user_id) FROM stdin;
1	2025-08-21 12:34:10.848833+05:30	1	admin	1	[{"added": {}}]	3	1
2	2025-08-21 12:34:17.915409+05:30	2	user	1	[{"added": {}}]	3	1
3	2025-08-21 12:39:50.763448+05:30	1	admin	2	[{"changed": {"fields": ["Groups"]}}]	4	1
4	2025-08-21 16:50:00.162778+05:30	3032	District object (3032)	3		7	1
5	2025-08-21 16:50:00.185994+05:30	3031	District object (3031)	3		7	1
6	2025-08-21 16:50:00.197189+05:30	3030	District object (3030)	3		7	1
7	2025-08-21 16:50:00.208298+05:30	3029	District object (3029)	3		7	1
8	2025-08-21 16:50:00.219567+05:30	3028	District object (3028)	3		7	1
9	2025-08-21 16:50:00.230738+05:30	3027	District object (3027)	3		7	1
10	2025-08-21 16:50:00.243561+05:30	3026	District object (3026)	3		7	1
11	2025-08-21 16:50:00.25453+05:30	3025	District object (3025)	3		7	1
12	2025-08-21 16:50:00.266136+05:30	3024	District object (3024)	3		7	1
13	2025-08-21 16:50:00.277101+05:30	3023	District object (3023)	3		7	1
14	2025-08-21 16:50:00.288412+05:30	3022	District object (3022)	3		7	1
15	2025-08-21 16:50:00.299706+05:30	3021	District object (3021)	3		7	1
16	2025-08-21 16:50:00.310858+05:30	3020	District object (3020)	3		7	1
17	2025-08-21 16:50:00.322128+05:30	3019	District object (3019)	3		7	1
18	2025-08-21 16:50:00.333389+05:30	3018	District object (3018)	3		7	1
19	2025-08-21 16:50:00.344618+05:30	3017	District object (3017)	3		7	1
20	2025-08-21 16:50:00.355771+05:30	3016	District object (3016)	3		7	1
21	2025-08-21 16:50:00.367003+05:30	3015	District object (3015)	3		7	1
22	2025-08-21 16:50:00.378295+05:30	3014	District object (3014)	3		7	1
23	2025-08-21 16:50:00.389421+05:30	3013	District object (3013)	3		7	1
24	2025-08-21 16:50:00.400689+05:30	3012	District object (3012)	3		7	1
25	2025-08-21 16:50:00.411964+05:30	3011	District object (3011)	3		7	1
26	2025-08-21 16:50:00.423082+05:30	3010	District object (3010)	3		7	1
27	2025-08-21 16:50:00.434411+05:30	3009	District object (3009)	3		7	1
28	2025-08-21 16:50:00.445622+05:30	3008	District object (3008)	3		7	1
29	2025-08-21 16:50:00.456785+05:30	3007	District object (3007)	3		7	1
30	2025-08-21 16:50:00.468209+05:30	3006	District object (3006)	3		7	1
31	2025-08-21 16:50:00.479015+05:30	3005	District object (3005)	3		7	1
32	2025-08-21 16:50:00.490558+05:30	3004	District object (3004)	3		7	1
33	2025-08-21 16:50:00.501556+05:30	3003	District object (3003)	3		7	1
34	2025-08-21 16:50:00.512679+05:30	3002	District object (3002)	3		7	1
35	2025-08-21 16:50:00.52406+05:30	3001	District object (3001)	3		7	1
36	2025-08-21 16:50:00.535324+05:30	3000	District object (3000)	3		7	1
37	2025-08-21 16:50:00.54678+05:30	2999	District object (2999)	3		7	1
38	2025-08-21 16:50:00.558264+05:30	2998	District object (2998)	3		7	1
39	2025-08-21 16:50:00.569229+05:30	2997	District object (2997)	3		7	1
40	2025-08-21 16:50:00.580701+05:30	2996	District object (2996)	3		7	1
41	2025-08-21 16:50:00.591659+05:30	2995	District object (2995)	3		7	1
42	2025-08-21 16:50:00.602976+05:30	2994	District object (2994)	3		7	1
43	2025-08-21 16:50:00.614307+05:30	2993	District object (2993)	3		7	1
44	2025-08-21 16:50:00.625427+05:30	2992	District object (2992)	3		7	1
45	2025-08-21 16:50:00.636704+05:30	2991	District object (2991)	3		7	1
46	2025-08-21 16:50:00.647825+05:30	2990	District object (2990)	3		7	1
47	2025-08-21 16:50:00.659159+05:30	2989	District object (2989)	3		7	1
48	2025-08-21 16:50:00.670197+05:30	2988	District object (2988)	3		7	1
49	2025-08-21 16:50:00.68185+05:30	2987	District object (2987)	3		7	1
50	2025-08-21 16:50:00.692776+05:30	2986	District object (2986)	3		7	1
51	2025-08-21 16:50:00.703975+05:30	2985	District object (2985)	3		7	1
52	2025-08-21 16:50:00.715378+05:30	2984	District object (2984)	3		7	1
53	2025-08-21 16:50:00.726528+05:30	2983	District object (2983)	3		7	1
54	2025-08-21 16:50:00.737694+05:30	2982	District object (2982)	3		7	1
55	2025-08-21 16:50:00.749201+05:30	2981	District object (2981)	3		7	1
56	2025-08-21 16:50:00.760204+05:30	2980	District object (2980)	3		7	1
57	2025-08-21 16:50:00.771455+05:30	2979	District object (2979)	3		7	1
58	2025-08-21 16:50:00.782725+05:30	2978	District object (2978)	3		7	1
59	2025-08-21 16:50:00.793769+05:30	2977	District object (2977)	3		7	1
60	2025-08-21 16:50:00.805148+05:30	2976	District object (2976)	3		7	1
61	2025-08-21 16:50:00.816364+05:30	2975	District object (2975)	3		7	1
62	2025-08-21 16:50:00.827634+05:30	2974	District object (2974)	3		7	1
63	2025-08-21 16:50:00.838657+05:30	2973	District object (2973)	3		7	1
64	2025-08-21 16:50:00.850519+05:30	2972	District object (2972)	3		7	1
65	2025-08-21 16:50:00.861409+05:30	2971	District object (2971)	3		7	1
66	2025-08-21 16:50:00.872389+05:30	2970	District object (2970)	3		7	1
67	2025-08-21 16:50:00.883733+05:30	2969	District object (2969)	3		7	1
68	2025-08-21 16:50:00.894935+05:30	2968	District object (2968)	3		7	1
69	2025-08-21 16:50:00.906025+05:30	2967	District object (2967)	3		7	1
70	2025-08-21 16:50:00.917491+05:30	2966	District object (2966)	3		7	1
71	2025-08-21 16:50:00.928371+05:30	2965	District object (2965)	3		7	1
72	2025-08-21 16:50:01.028939+05:30	2964	District object (2964)	3		7	1
73	2025-08-21 16:50:01.040163+05:30	2963	District object (2963)	3		7	1
74	2025-08-21 16:50:01.051533+05:30	2962	District object (2962)	3		7	1
75	2025-08-21 16:50:01.062416+05:30	2961	District object (2961)	3		7	1
76	2025-08-21 16:50:01.073702+05:30	2960	District object (2960)	3		7	1
77	2025-08-21 16:50:01.085222+05:30	2959	District object (2959)	3		7	1
78	2025-08-21 16:50:01.096432+05:30	2958	District object (2958)	3		7	1
79	2025-08-21 16:50:01.10752+05:30	2957	District object (2957)	3		7	1
80	2025-08-21 16:50:01.118495+05:30	2956	District object (2956)	3		7	1
81	2025-08-21 16:50:01.129753+05:30	2955	District object (2955)	3		7	1
82	2025-08-21 16:50:01.14087+05:30	2954	District object (2954)	3		7	1
83	2025-08-21 16:50:01.151886+05:30	2953	District object (2953)	3		7	1
84	2025-08-21 16:50:01.163461+05:30	2952	District object (2952)	3		7	1
85	2025-08-21 16:50:01.174613+05:30	2951	District object (2951)	3		7	1
86	2025-08-21 16:50:01.185889+05:30	2950	District object (2950)	3		7	1
87	2025-08-21 16:50:01.197726+05:30	2949	District object (2949)	3		7	1
88	2025-08-21 16:50:01.208321+05:30	2948	District object (2948)	3		7	1
89	2025-08-21 16:50:01.219799+05:30	2947	District object (2947)	3		7	1
90	2025-08-21 16:50:01.231165+05:30	2946	District object (2946)	3		7	1
91	2025-08-21 16:50:01.242247+05:30	2945	District object (2945)	3		7	1
92	2025-08-21 16:50:01.253507+05:30	2944	District object (2944)	3		7	1
93	2025-08-21 16:50:01.264703+05:30	2943	District object (2943)	3		7	1
94	2025-08-21 16:50:01.275919+05:30	2942	District object (2942)	3		7	1
95	2025-08-21 16:50:01.287169+05:30	2941	District object (2941)	3		7	1
96	2025-08-21 16:50:01.298267+05:30	2940	District object (2940)	3		7	1
97	2025-08-21 16:50:01.309607+05:30	2939	District object (2939)	3		7	1
98	2025-08-21 16:50:01.320837+05:30	2938	District object (2938)	3		7	1
99	2025-08-21 16:50:01.331989+05:30	2937	District object (2937)	3		7	1
100	2025-08-21 16:50:01.343339+05:30	2936	District object (2936)	3		7	1
101	2025-08-21 16:50:01.354416+05:30	2935	District object (2935)	3		7	1
102	2025-08-21 16:50:01.365973+05:30	2934	District object (2934)	3		7	1
103	2025-08-21 16:50:01.378434+05:30	2933	District object (2933)	3		7	1
104	2025-08-21 16:54:59.535658+05:30	2932	District object (2932)	3		7	1
105	2025-08-21 16:54:59.550242+05:30	2931	District object (2931)	3		7	1
106	2025-08-21 16:54:59.561485+05:30	2930	District object (2930)	3		7	1
107	2025-08-21 16:54:59.573183+05:30	2929	District object (2929)	3		7	1
108	2025-08-21 16:54:59.583932+05:30	2928	District object (2928)	3		7	1
109	2025-08-21 16:54:59.595105+05:30	2927	District object (2927)	3		7	1
110	2025-08-21 16:54:59.606594+05:30	2926	District object (2926)	3		7	1
111	2025-08-21 16:54:59.617601+05:30	2925	District object (2925)	3		7	1
112	2025-08-21 16:54:59.628755+05:30	2924	District object (2924)	3		7	1
113	2025-08-21 16:54:59.640098+05:30	2923	District object (2923)	3		7	1
114	2025-08-21 16:54:59.651348+05:30	2922	District object (2922)	3		7	1
115	2025-08-21 16:54:59.66244+05:30	2921	District object (2921)	3		7	1
116	2025-08-21 16:54:59.673598+05:30	2920	District object (2920)	3		7	1
117	2025-08-21 16:54:59.684725+05:30	2919	District object (2919)	3		7	1
118	2025-08-21 16:54:59.696082+05:30	2918	District object (2918)	3		7	1
119	2025-08-21 16:54:59.707357+05:30	2917	District object (2917)	3		7	1
120	2025-08-21 16:54:59.718629+05:30	2916	District object (2916)	3		7	1
121	2025-08-21 16:54:59.729726+05:30	2915	District object (2915)	3		7	1
122	2025-08-21 16:54:59.74093+05:30	2914	District object (2914)	3		7	1
123	2025-08-21 16:54:59.752297+05:30	2913	District object (2913)	3		7	1
124	2025-08-21 16:54:59.763526+05:30	2912	District object (2912)	3		7	1
125	2025-08-21 16:54:59.774648+05:30	2911	District object (2911)	3		7	1
126	2025-08-21 16:54:59.785994+05:30	2910	District object (2910)	3		7	1
127	2025-08-21 16:54:59.797194+05:30	2909	District object (2909)	3		7	1
128	2025-08-21 16:54:59.80843+05:30	2908	District object (2908)	3		7	1
129	2025-08-21 16:54:59.819726+05:30	2907	District object (2907)	3		7	1
130	2025-08-21 16:54:59.830744+05:30	2906	District object (2906)	3		7	1
131	2025-08-21 16:54:59.842021+05:30	2905	District object (2905)	3		7	1
132	2025-08-21 16:54:59.853381+05:30	2904	District object (2904)	3		7	1
133	2025-08-21 16:54:59.86458+05:30	2903	District object (2903)	3		7	1
134	2025-08-21 16:54:59.875801+05:30	2902	District object (2902)	3		7	1
135	2025-08-21 16:54:59.88697+05:30	2901	District object (2901)	3		7	1
136	2025-08-21 16:54:59.898434+05:30	2900	District object (2900)	3		7	1
137	2025-08-21 16:54:59.909581+05:30	2899	District object (2899)	3		7	1
138	2025-08-21 16:54:59.920771+05:30	2898	District object (2898)	3		7	1
139	2025-08-21 16:54:59.932026+05:30	2897	District object (2897)	3		7	1
140	2025-08-21 16:54:59.943232+05:30	2896	District object (2896)	3		7	1
141	2025-08-21 16:54:59.9547+05:30	2895	District object (2895)	3		7	1
142	2025-08-21 16:54:59.965598+05:30	2894	District object (2894)	3		7	1
143	2025-08-21 16:54:59.977068+05:30	2893	District object (2893)	3		7	1
144	2025-08-21 16:54:59.988713+05:30	2892	District object (2892)	3		7	1
145	2025-08-21 16:54:59.999404+05:30	2891	District object (2891)	3		7	1
146	2025-08-21 16:55:00.0105+05:30	2890	District object (2890)	3		7	1
147	2025-08-21 16:55:00.021884+05:30	2889	District object (2889)	3		7	1
148	2025-08-21 16:55:00.032981+05:30	2888	District object (2888)	3		7	1
149	2025-08-21 16:55:00.044462+05:30	2887	District object (2887)	3		7	1
150	2025-08-21 16:55:00.055483+05:30	2886	District object (2886)	3		7	1
151	2025-08-21 16:55:00.066839+05:30	2885	District object (2885)	3		7	1
152	2025-08-21 16:55:00.077869+05:30	2884	District object (2884)	3		7	1
153	2025-08-21 16:55:00.089206+05:30	2883	District object (2883)	3		7	1
154	2025-08-21 16:55:00.100462+05:30	2882	District object (2882)	3		7	1
155	2025-08-21 16:55:00.113139+05:30	2881	District object (2881)	3		7	1
156	2025-08-21 16:55:00.124371+05:30	2880	District object (2880)	3		7	1
157	2025-08-21 16:55:00.135402+05:30	2879	District object (2879)	3		7	1
158	2025-08-21 16:55:00.146703+05:30	2878	District object (2878)	3		7	1
159	2025-08-21 16:55:00.157973+05:30	2877	District object (2877)	3		7	1
160	2025-08-21 16:55:00.169424+05:30	2876	District object (2876)	3		7	1
161	2025-08-21 16:55:00.180495+05:30	2875	District object (2875)	3		7	1
162	2025-08-21 16:55:00.191754+05:30	2874	District object (2874)	3		7	1
163	2025-08-21 16:55:00.202988+05:30	2873	District object (2873)	3		7	1
164	2025-08-21 16:55:00.214106+05:30	2872	District object (2872)	3		7	1
165	2025-08-21 16:55:00.225305+05:30	2871	District object (2871)	3		7	1
166	2025-08-21 16:55:00.237015+05:30	2870	District object (2870)	3		7	1
167	2025-08-21 16:55:00.247872+05:30	2869	District object (2869)	3		7	1
168	2025-08-21 16:55:00.258973+05:30	2868	District object (2868)	3		7	1
169	2025-08-21 16:55:00.270314+05:30	2867	District object (2867)	3		7	1
170	2025-08-21 16:55:00.281572+05:30	2866	District object (2866)	3		7	1
171	2025-08-21 16:55:00.292814+05:30	2865	District object (2865)	3		7	1
172	2025-08-21 16:55:00.303978+05:30	2864	District object (2864)	3		7	1
173	2025-08-21 16:55:00.31528+05:30	2863	District object (2863)	3		7	1
174	2025-08-21 16:55:00.326416+05:30	2862	District object (2862)	3		7	1
175	2025-08-21 16:55:00.33791+05:30	2861	District object (2861)	3		7	1
176	2025-08-21 16:55:00.348906+05:30	2860	District object (2860)	3		7	1
177	2025-08-21 16:55:00.360143+05:30	2859	District object (2859)	3		7	1
178	2025-08-21 16:55:00.371486+05:30	2858	District object (2858)	3		7	1
179	2025-08-21 16:55:00.382592+05:30	2857	District object (2857)	3		7	1
180	2025-08-21 16:55:00.393786+05:30	2856	District object (2856)	3		7	1
181	2025-08-21 16:55:00.405274+05:30	2855	District object (2855)	3		7	1
182	2025-08-21 16:55:00.416417+05:30	2854	District object (2854)	3		7	1
183	2025-08-21 16:55:00.427483+05:30	2853	District object (2853)	3		7	1
184	2025-08-21 16:55:00.438986+05:30	2852	District object (2852)	3		7	1
185	2025-08-21 16:55:00.450067+05:30	2851	District object (2851)	3		7	1
186	2025-08-21 16:55:00.461166+05:30	2850	District object (2850)	3		7	1
187	2025-08-21 16:55:00.472284+05:30	2849	District object (2849)	3		7	1
188	2025-08-21 16:55:00.483596+05:30	2848	District object (2848)	3		7	1
189	2025-08-21 16:55:00.494804+05:30	2847	District object (2847)	3		7	1
190	2025-08-21 16:55:00.506074+05:30	2846	District object (2846)	3		7	1
191	2025-08-21 16:55:00.517055+05:30	2845	District object (2845)	3		7	1
192	2025-08-21 16:55:00.528291+05:30	2844	District object (2844)	3		7	1
193	2025-08-21 16:55:00.539813+05:30	2843	District object (2843)	3		7	1
194	2025-08-21 16:55:00.551108+05:30	2842	District object (2842)	3		7	1
195	2025-08-21 16:55:00.562392+05:30	2841	District object (2841)	3		7	1
196	2025-08-21 16:55:00.573433+05:30	2840	District object (2840)	3		7	1
197	2025-08-21 16:55:00.584706+05:30	2839	District object (2839)	3		7	1
198	2025-08-21 16:55:00.595854+05:30	2838	District object (2838)	3		7	1
199	2025-08-21 16:55:00.607427+05:30	2837	District object (2837)	3		7	1
200	2025-08-21 16:55:00.618759+05:30	2836	District object (2836)	3		7	1
201	2025-08-21 16:55:00.629751+05:30	2835	District object (2835)	3		7	1
202	2025-08-21 16:55:00.641299+05:30	2834	District object (2834)	3		7	1
203	2025-08-21 16:55:00.652868+05:30	2833	District object (2833)	3		7	1
204	2025-08-21 16:55:08.127252+05:30	2832	District object (2832)	3		7	1
205	2025-08-21 16:55:08.13891+05:30	2831	District object (2831)	3		7	1
206	2025-08-21 16:55:08.150357+05:30	2830	District object (2830)	3		7	1
207	2025-08-21 16:55:08.161749+05:30	2829	District object (2829)	3		7	1
208	2025-08-21 16:55:08.17272+05:30	2828	District object (2828)	3		7	1
209	2025-08-21 16:55:08.184174+05:30	2827	District object (2827)	3		7	1
210	2025-08-21 16:55:08.195398+05:30	2826	District object (2826)	3		7	1
211	2025-08-21 16:55:08.206568+05:30	2825	District object (2825)	3		7	1
212	2025-08-21 16:55:08.217785+05:30	2824	District object (2824)	3		7	1
213	2025-08-21 16:55:08.229097+05:30	2823	District object (2823)	3		7	1
214	2025-08-21 16:55:08.240373+05:30	2822	District object (2822)	3		7	1
215	2025-08-21 16:55:08.2517+05:30	2821	District object (2821)	3		7	1
216	2025-08-21 16:55:08.262663+05:30	2820	District object (2820)	3		7	1
217	2025-08-21 16:55:08.273935+05:30	2819	District object (2819)	3		7	1
218	2025-08-21 16:55:08.285156+05:30	2818	District object (2818)	3		7	1
219	2025-08-21 16:55:08.296418+05:30	2817	District object (2817)	3		7	1
220	2025-08-21 16:55:08.307656+05:30	2816	District object (2816)	3		7	1
221	2025-08-21 16:55:08.31898+05:30	2815	District object (2815)	3		7	1
222	2025-08-21 16:55:08.32984+05:30	2814	District object (2814)	3		7	1
223	2025-08-21 16:55:08.341447+05:30	2813	District object (2813)	3		7	1
224	2025-08-21 16:55:08.352636+05:30	2812	District object (2812)	3		7	1
225	2025-08-21 16:55:08.363933+05:30	2811	District object (2811)	3		7	1
226	2025-08-21 16:55:08.375065+05:30	2810	District object (2810)	3		7	1
227	2025-08-21 16:55:08.386596+05:30	2809	District object (2809)	3		7	1
228	2025-08-21 16:55:08.3976+05:30	2808	District object (2808)	3		7	1
229	2025-08-21 16:55:08.408712+05:30	2807	District object (2807)	3		7	1
230	2025-08-21 16:55:08.419997+05:30	2806	District object (2806)	3		7	1
231	2025-08-21 16:55:08.431235+05:30	2805	District object (2805)	3		7	1
232	2025-08-21 16:55:08.442541+05:30	2804	District object (2804)	3		7	1
233	2025-08-21 16:55:08.453918+05:30	2803	District object (2803)	3		7	1
234	2025-08-21 16:55:08.464921+05:30	2802	District object (2802)	3		7	1
235	2025-08-21 16:55:08.476082+05:30	2801	District object (2801)	3		7	1
236	2025-08-21 16:55:08.487259+05:30	2800	District object (2800)	3		7	1
237	2025-08-21 16:55:08.498773+05:30	2799	District object (2799)	3		7	1
238	2025-08-21 16:55:08.509924+05:30	2798	District object (2798)	3		7	1
239	2025-08-21 16:55:08.520834+05:30	2797	District object (2797)	3		7	1
240	2025-08-21 16:55:08.532593+05:30	2796	District object (2796)	3		7	1
241	2025-08-21 16:55:08.543458+05:30	2795	District object (2795)	3		7	1
242	2025-08-21 16:55:08.554848+05:30	2794	District object (2794)	3		7	1
243	2025-08-21 16:55:08.56627+05:30	2793	District object (2793)	3		7	1
244	2025-08-21 16:55:08.577393+05:30	2792	District object (2792)	3		7	1
245	2025-08-21 16:55:08.588498+05:30	2791	District object (2791)	3		7	1
246	2025-08-21 16:55:08.599864+05:30	2790	District object (2790)	3		7	1
247	2025-08-21 16:55:08.611073+05:30	2789	District object (2789)	3		7	1
248	2025-08-21 16:55:08.622282+05:30	2788	District object (2788)	3		7	1
249	2025-08-21 16:55:08.63334+05:30	2787	District object (2787)	3		7	1
250	2025-08-21 16:55:08.644675+05:30	2786	District object (2786)	3		7	1
251	2025-08-21 16:55:08.655875+05:30	2785	District object (2785)	3		7	1
252	2025-08-21 16:55:08.667523+05:30	2784	District object (2784)	3		7	1
253	2025-08-21 16:55:08.678347+05:30	2783	District object (2783)	3		7	1
254	2025-08-21 16:55:08.689547+05:30	2782	District object (2782)	3		7	1
255	2025-08-21 16:55:08.700945+05:30	2781	District object (2781)	3		7	1
256	2025-08-21 16:55:08.712063+05:30	2780	District object (2780)	3		7	1
257	2025-08-21 16:55:08.723254+05:30	2779	District object (2779)	3		7	1
258	2025-08-21 16:55:08.734481+05:30	2778	District object (2778)	3		7	1
259	2025-08-21 16:55:08.74579+05:30	2777	District object (2777)	3		7	1
260	2025-08-21 16:55:08.756966+05:30	2776	District object (2776)	3		7	1
261	2025-08-21 16:55:08.768234+05:30	2775	District object (2775)	3		7	1
262	2025-08-21 16:55:08.779473+05:30	2774	District object (2774)	3		7	1
263	2025-08-21 16:55:08.790674+05:30	2773	District object (2773)	3		7	1
264	2025-08-21 16:55:08.801933+05:30	2772	District object (2772)	3		7	1
265	2025-08-21 16:55:08.813219+05:30	2771	District object (2771)	3		7	1
266	2025-08-21 16:55:08.824349+05:30	2770	District object (2770)	3		7	1
267	2025-08-21 16:55:08.835618+05:30	2769	District object (2769)	3		7	1
268	2025-08-21 16:55:08.846775+05:30	2768	District object (2768)	3		7	1
269	2025-08-21 16:55:08.858069+05:30	2767	District object (2767)	3		7	1
270	2025-08-21 16:55:08.869163+05:30	2766	District object (2766)	3		7	1
271	2025-08-21 16:55:08.880529+05:30	2765	District object (2765)	3		7	1
272	2025-08-21 16:55:08.891776+05:30	2764	District object (2764)	3		7	1
273	2025-08-21 16:55:08.90324+05:30	2763	District object (2763)	3		7	1
274	2025-08-21 16:55:08.914316+05:30	2762	District object (2762)	3		7	1
275	2025-08-21 16:55:08.925404+05:30	2761	District object (2761)	3		7	1
276	2025-08-21 16:55:08.93716+05:30	2760	District object (2760)	3		7	1
277	2025-08-21 16:55:08.947607+05:30	2759	District object (2759)	3		7	1
278	2025-08-21 16:55:08.959229+05:30	2758	District object (2758)	3		7	1
279	2025-08-21 16:55:08.970399+05:30	2757	District object (2757)	3		7	1
280	2025-08-21 16:55:08.981592+05:30	2756	District object (2756)	3		7	1
281	2025-08-21 16:55:08.992922+05:30	2755	District object (2755)	3		7	1
282	2025-08-21 16:55:09.004174+05:30	2754	District object (2754)	3		7	1
283	2025-08-21 16:55:09.015338+05:30	2753	District object (2753)	3		7	1
284	2025-08-21 16:55:09.026666+05:30	2752	District object (2752)	3		7	1
285	2025-08-21 16:55:09.037712+05:30	2751	District object (2751)	3		7	1
286	2025-08-21 16:55:09.049351+05:30	2750	District object (2750)	3		7	1
287	2025-08-21 16:55:09.060376+05:30	2749	District object (2749)	3		7	1
288	2025-08-21 16:55:09.071357+05:30	2748	District object (2748)	3		7	1
289	2025-08-21 16:55:09.082676+05:30	2747	District object (2747)	3		7	1
290	2025-08-21 16:55:09.09396+05:30	2746	District object (2746)	3		7	1
291	2025-08-21 16:55:09.10529+05:30	2745	District object (2745)	3		7	1
292	2025-08-21 16:55:09.116323+05:30	2744	District object (2744)	3		7	1
293	2025-08-21 16:55:09.140546+05:30	2743	District object (2743)	3		7	1
294	2025-08-21 16:55:09.151652+05:30	2742	District object (2742)	3		7	1
295	2025-08-21 16:55:09.162446+05:30	2741	District object (2741)	3		7	1
296	2025-08-21 16:55:09.174177+05:30	2740	District object (2740)	3		7	1
297	2025-08-21 16:55:09.185502+05:30	2739	District object (2739)	3		7	1
298	2025-08-21 16:55:09.196895+05:30	2738	District object (2738)	3		7	1
299	2025-08-21 16:55:09.207759+05:30	2737	District object (2737)	3		7	1
300	2025-08-21 16:55:09.21882+05:30	2736	District object (2736)	3		7	1
301	2025-08-21 16:55:09.230764+05:30	2735	District object (2735)	3		7	1
302	2025-08-21 16:55:09.241509+05:30	2734	District object (2734)	3		7	1
303	2025-08-21 16:55:09.252839+05:30	2733	District object (2733)	3		7	1
304	2025-08-21 16:55:16.488821+05:30	2732	District object (2732)	3		7	1
305	2025-08-21 16:55:16.494655+05:30	2731	District object (2731)	3		7	1
306	2025-08-21 16:55:16.505629+05:30	2730	District object (2730)	3		7	1
307	2025-08-21 16:55:16.51692+05:30	2729	District object (2729)	3		7	1
308	2025-08-21 16:55:16.528379+05:30	2728	District object (2728)	3		7	1
309	2025-08-21 16:55:16.539632+05:30	2727	District object (2727)	3		7	1
310	2025-08-21 16:55:16.550788+05:30	2726	District object (2726)	3		7	1
311	2025-08-21 16:55:16.562121+05:30	2725	District object (2725)	3		7	1
312	2025-08-21 16:55:16.573353+05:30	2724	District object (2724)	3		7	1
313	2025-08-21 16:55:16.584621+05:30	2723	District object (2723)	3		7	1
314	2025-08-21 16:55:16.595757+05:30	2722	District object (2722)	3		7	1
315	2025-08-21 16:55:16.606982+05:30	2721	District object (2721)	3		7	1
316	2025-08-21 16:55:16.618253+05:30	2720	District object (2720)	3		7	1
317	2025-08-21 16:55:16.629373+05:30	2719	District object (2719)	3		7	1
318	2025-08-21 16:55:16.640792+05:30	2718	District object (2718)	3		7	1
319	2025-08-21 16:55:16.653348+05:30	2717	District object (2717)	3		7	1
320	2025-08-21 16:55:16.664679+05:30	2716	District object (2716)	3		7	1
321	2025-08-21 16:55:16.675925+05:30	2715	District object (2715)	3		7	1
322	2025-08-21 16:55:16.687131+05:30	2714	District object (2714)	3		7	1
323	2025-08-21 16:55:16.698548+05:30	2713	District object (2713)	3		7	1
324	2025-08-21 16:55:16.709659+05:30	2712	District object (2712)	3		7	1
325	2025-08-21 16:55:16.720699+05:30	2711	District object (2711)	3		7	1
326	2025-08-21 16:55:16.732159+05:30	2710	District object (2710)	3		7	1
327	2025-08-21 16:55:16.743443+05:30	2709	District object (2709)	3		7	1
328	2025-08-21 16:55:16.754494+05:30	2708	District object (2708)	3		7	1
329	2025-08-21 16:55:16.76559+05:30	2707	District object (2707)	3		7	1
330	2025-08-21 16:55:16.776979+05:30	2706	District object (2706)	3		7	1
331	2025-08-21 16:55:16.788347+05:30	2705	District object (2705)	3		7	1
332	2025-08-21 16:55:16.799298+05:30	2704	District object (2704)	3		7	1
333	2025-08-21 16:55:16.810954+05:30	2703	District object (2703)	3		7	1
334	2025-08-21 16:55:16.821667+05:30	2702	District object (2702)	3		7	1
335	2025-08-21 16:55:16.833144+05:30	2701	District object (2701)	3		7	1
336	2025-08-21 16:55:16.844472+05:30	2700	District object (2700)	3		7	1
337	2025-08-21 16:55:16.855352+05:30	2699	District object (2699)	3		7	1
338	2025-08-21 16:55:16.866715+05:30	2698	District object (2698)	3		7	1
339	2025-08-21 16:55:16.877969+05:30	2697	District object (2697)	3		7	1
340	2025-08-21 16:55:16.889085+05:30	2696	District object (2696)	3		7	1
341	2025-08-21 16:55:16.900481+05:30	2695	District object (2695)	3		7	1
342	2025-08-21 16:55:16.911721+05:30	2694	District object (2694)	3		7	1
343	2025-08-21 16:55:16.922693+05:30	2693	District object (2693)	3		7	1
344	2025-08-21 16:55:16.933761+05:30	2692	District object (2692)	3		7	1
345	2025-08-21 16:55:16.945224+05:30	2691	District object (2691)	3		7	1
346	2025-08-21 16:55:16.9569+05:30	2690	District object (2690)	3		7	1
347	2025-08-21 16:55:16.967941+05:30	2689	District object (2689)	3		7	1
348	2025-08-21 16:55:16.979199+05:30	2688	District object (2688)	3		7	1
349	2025-08-21 16:55:16.990451+05:30	2687	District object (2687)	3		7	1
350	2025-08-21 16:55:17.001588+05:30	2686	District object (2686)	3		7	1
351	2025-08-21 16:55:17.012835+05:30	2685	District object (2685)	3		7	1
352	2025-08-21 16:55:17.024098+05:30	2684	District object (2684)	3		7	1
353	2025-08-21 16:55:17.035413+05:30	2683	District object (2683)	3		7	1
354	2025-08-21 16:55:17.046652+05:30	2682	District object (2682)	3		7	1
355	2025-08-21 16:55:17.057761+05:30	2681	District object (2681)	3		7	1
356	2025-08-21 16:55:17.069022+05:30	2680	District object (2680)	3		7	1
357	2025-08-21 16:55:17.080257+05:30	2679	District object (2679)	3		7	1
358	2025-08-21 16:55:17.091582+05:30	2678	District object (2678)	3		7	1
359	2025-08-21 16:55:17.102777+05:30	2677	District object (2677)	3		7	1
360	2025-08-21 16:55:17.114114+05:30	2676	District object (2676)	3		7	1
361	2025-08-21 16:55:17.124984+05:30	2675	District object (2675)	3		7	1
362	2025-08-21 16:55:17.136406+05:30	2674	District object (2674)	3		7	1
363	2025-08-21 16:55:17.147336+05:30	2673	District object (2673)	3		7	1
364	2025-08-21 16:55:17.158642+05:30	2672	District object (2672)	3		7	1
365	2025-08-21 16:55:17.169851+05:30	2671	District object (2671)	3		7	1
366	2025-08-21 16:55:17.181236+05:30	2670	District object (2670)	3		7	1
367	2025-08-21 16:55:17.19311+05:30	2669	District object (2669)	3		7	1
368	2025-08-21 16:55:17.204009+05:30	2668	District object (2668)	3		7	1
369	2025-08-21 16:55:17.21512+05:30	2667	District object (2667)	3		7	1
370	2025-08-21 16:55:17.226431+05:30	2666	District object (2666)	3		7	1
371	2025-08-21 16:55:17.237567+05:30	2665	District object (2665)	3		7	1
372	2025-08-21 16:55:17.248652+05:30	2664	District object (2664)	3		7	1
373	2025-08-21 16:55:17.260056+05:30	2663	District object (2663)	3		7	1
374	2025-08-21 16:55:17.271285+05:30	2662	District object (2662)	3		7	1
375	2025-08-21 16:55:17.282556+05:30	2661	District object (2661)	3		7	1
376	2025-08-21 16:55:17.29366+05:30	2660	District object (2660)	3		7	1
377	2025-08-21 16:55:17.304977+05:30	2659	District object (2659)	3		7	1
378	2025-08-21 16:55:17.316092+05:30	2658	District object (2658)	3		7	1
379	2025-08-21 16:55:17.327372+05:30	2657	District object (2657)	3		7	1
380	2025-08-21 16:55:17.338623+05:30	2656	District object (2656)	3		7	1
381	2025-08-21 16:55:17.349895+05:30	2655	District object (2655)	3		7	1
382	2025-08-21 16:55:17.361138+05:30	2654	District object (2654)	3		7	1
383	2025-08-21 16:55:17.372392+05:30	2653	District object (2653)	3		7	1
384	2025-08-21 16:55:17.383657+05:30	2652	District object (2652)	3		7	1
385	2025-08-21 16:55:17.394786+05:30	2651	District object (2651)	3		7	1
386	2025-08-21 16:55:17.405978+05:30	2650	District object (2650)	3		7	1
387	2025-08-21 16:55:17.417156+05:30	2649	District object (2649)	3		7	1
388	2025-08-21 16:55:17.428541+05:30	2648	District object (2648)	3		7	1
389	2025-08-21 16:55:17.439753+05:30	2647	District object (2647)	3		7	1
390	2025-08-21 16:55:17.450916+05:30	2646	District object (2646)	3		7	1
391	2025-08-21 16:55:17.461965+05:30	2645	District object (2645)	3		7	1
392	2025-08-21 16:55:17.473449+05:30	2644	District object (2644)	3		7	1
393	2025-08-21 16:55:17.484723+05:30	2643	District object (2643)	3		7	1
394	2025-08-21 16:55:17.495968+05:30	2642	District object (2642)	3		7	1
395	2025-08-21 16:55:17.507412+05:30	2641	District object (2641)	3		7	1
396	2025-08-21 16:55:17.518339+05:30	2640	District object (2640)	3		7	1
397	2025-08-21 16:55:17.529679+05:30	2639	District object (2639)	3		7	1
398	2025-08-21 16:55:17.540993+05:30	2638	District object (2638)	3		7	1
399	2025-08-21 16:55:17.55201+05:30	2637	District object (2637)	3		7	1
400	2025-08-21 16:55:17.563198+05:30	2636	District object (2636)	3		7	1
401	2025-08-21 16:55:17.57451+05:30	2635	District object (2635)	3		7	1
402	2025-08-21 16:55:17.585726+05:30	2634	District object (2634)	3		7	1
403	2025-08-21 16:55:17.597093+05:30	2633	District object (2633)	3		7	1
404	2025-08-21 16:55:24.237123+05:30	2632	District object (2632)	3		7	1
405	2025-08-21 16:55:24.241797+05:30	2631	District object (2631)	3		7	1
406	2025-08-21 16:55:24.253421+05:30	2630	District object (2630)	3		7	1
407	2025-08-21 16:55:24.264503+05:30	2629	District object (2629)	3		7	1
408	2025-08-21 16:55:24.275763+05:30	2628	District object (2628)	3		7	1
409	2025-08-21 16:55:24.287109+05:30	2627	District object (2627)	3		7	1
410	2025-08-21 16:55:24.298314+05:30	2626	District object (2626)	3		7	1
411	2025-08-21 16:55:24.309559+05:30	2625	District object (2625)	3		7	1
412	2025-08-21 16:55:24.320755+05:30	2624	District object (2624)	3		7	1
413	2025-08-21 16:55:24.331914+05:30	2623	District object (2623)	3		7	1
414	2025-08-21 16:55:24.343302+05:30	2622	District object (2622)	3		7	1
415	2025-08-21 16:55:24.3545+05:30	2621	District object (2621)	3		7	1
416	2025-08-21 16:55:24.365653+05:30	2620	District object (2620)	3		7	1
417	2025-08-21 16:55:24.377232+05:30	2619	District object (2619)	3		7	1
418	2025-08-21 16:55:24.388338+05:30	2618	District object (2618)	3		7	1
419	2025-08-21 16:55:24.399309+05:30	2617	District object (2617)	3		7	1
420	2025-08-21 16:55:24.410969+05:30	2616	District object (2616)	3		7	1
421	2025-08-21 16:55:24.421812+05:30	2615	District object (2615)	3		7	1
422	2025-08-21 16:55:24.433078+05:30	2614	District object (2614)	3		7	1
423	2025-08-21 16:55:24.444296+05:30	2613	District object (2613)	3		7	1
424	2025-08-21 16:55:24.455471+05:30	2612	District object (2612)	3		7	1
425	2025-08-21 16:55:24.46677+05:30	2611	District object (2611)	3		7	1
426	2025-08-21 16:55:24.478099+05:30	2610	District object (2610)	3		7	1
427	2025-08-21 16:55:24.48896+05:30	2609	District object (2609)	3		7	1
428	2025-08-21 16:55:24.500417+05:30	2608	District object (2608)	3		7	1
429	2025-08-21 16:55:24.511318+05:30	2607	District object (2607)	3		7	1
430	2025-08-21 16:55:24.523095+05:30	2606	District object (2606)	3		7	1
431	2025-08-21 16:55:24.53375+05:30	2605	District object (2605)	3		7	1
432	2025-08-21 16:55:24.545175+05:30	2604	District object (2604)	3		7	1
433	2025-08-21 16:55:24.556685+05:30	2603	District object (2603)	3		7	1
434	2025-08-21 16:55:24.56796+05:30	2602	District object (2602)	3		7	1
435	2025-08-21 16:55:24.580894+05:30	2601	District object (2601)	3		7	1
436	2025-08-21 16:55:24.5922+05:30	2600	District object (2600)	3		7	1
437	2025-08-21 16:55:24.603356+05:30	2599	District object (2599)	3		7	1
438	2025-08-21 16:55:24.614346+05:30	2598	District object (2598)	3		7	1
439	2025-08-21 16:55:24.625622+05:30	2597	District object (2597)	3		7	1
440	2025-08-21 16:55:24.637+05:30	2596	District object (2596)	3		7	1
441	2025-08-21 16:55:24.648081+05:30	2595	District object (2595)	3		7	1
442	2025-08-21 16:55:24.659213+05:30	2594	District object (2594)	3		7	1
443	2025-08-21 16:55:24.670455+05:30	2593	District object (2593)	3		7	1
444	2025-08-21 16:55:24.681706+05:30	2592	District object (2592)	3		7	1
445	2025-08-21 16:55:24.69284+05:30	2591	District object (2591)	3		7	1
446	2025-08-21 16:55:24.704254+05:30	2590	District object (2590)	3		7	1
447	2025-08-21 16:55:24.71552+05:30	2589	District object (2589)	3		7	1
448	2025-08-21 16:55:24.726573+05:30	2588	District object (2588)	3		7	1
449	2025-08-21 16:55:24.737883+05:30	2587	District object (2587)	3		7	1
450	2025-08-21 16:55:24.749292+05:30	2586	District object (2586)	3		7	1
451	2025-08-21 16:55:24.760101+05:30	2585	District object (2585)	3		7	1
452	2025-08-21 16:55:24.771632+05:30	2584	District object (2584)	3		7	1
453	2025-08-21 16:55:24.782767+05:30	2583	District object (2583)	3		7	1
454	2025-08-21 16:55:24.793908+05:30	2582	District object (2582)	3		7	1
455	2025-08-21 16:55:24.805347+05:30	2581	District object (2581)	3		7	1
456	2025-08-21 16:55:24.816498+05:30	2580	District object (2580)	3		7	1
457	2025-08-21 16:55:24.82773+05:30	2579	District object (2579)	3		7	1
458	2025-08-21 16:55:24.838931+05:30	2578	District object (2578)	3		7	1
459	2025-08-21 16:55:24.850257+05:30	2577	District object (2577)	3		7	1
460	2025-08-21 16:55:24.861355+05:30	2576	District object (2576)	3		7	1
461	2025-08-21 16:55:24.87262+05:30	2575	District object (2575)	3		7	1
462	2025-08-21 16:55:24.883913+05:30	2574	District object (2574)	3		7	1
463	2025-08-21 16:55:24.895011+05:30	2573	District object (2573)	3		7	1
464	2025-08-21 16:55:24.9062+05:30	2572	District object (2572)	3		7	1
465	2025-08-21 16:55:24.917684+05:30	2571	District object (2571)	3		7	1
466	2025-08-21 16:55:24.928487+05:30	2570	District object (2570)	3		7	1
467	2025-08-21 16:55:24.940058+05:30	2569	District object (2569)	3		7	1
468	2025-08-21 16:55:24.951293+05:30	2568	District object (2568)	3		7	1
469	2025-08-21 16:55:24.962511+05:30	2567	District object (2567)	3		7	1
470	2025-08-21 16:55:24.973745+05:30	2566	District object (2566)	3		7	1
471	2025-08-21 16:55:24.98518+05:30	2565	District object (2565)	3		7	1
472	2025-08-21 16:55:24.996023+05:30	2564	District object (2564)	3		7	1
473	2025-08-21 16:55:25.007568+05:30	2563	District object (2563)	3		7	1
474	2025-08-21 16:55:25.018768+05:30	2562	District object (2562)	3		7	1
475	2025-08-21 16:55:25.029782+05:30	2561	District object (2561)	3		7	1
476	2025-08-21 16:55:25.042659+05:30	2560	District object (2560)	3		7	1
477	2025-08-21 16:55:25.053841+05:30	2559	District object (2559)	3		7	1
478	2025-08-21 16:55:25.06511+05:30	2558	District object (2558)	3		7	1
479	2025-08-21 16:55:25.076462+05:30	2557	District object (2557)	3		7	1
480	2025-08-21 16:55:25.087845+05:30	2556	District object (2556)	3		7	1
481	2025-08-21 16:55:25.098937+05:30	2555	District object (2555)	3		7	1
482	2025-08-21 16:55:25.109997+05:30	2554	District object (2554)	3		7	1
483	2025-08-21 16:55:25.12135+05:30	2553	District object (2553)	3		7	1
484	2025-08-21 16:55:25.132469+05:30	2552	District object (2552)	3		7	1
485	2025-08-21 16:55:25.143343+05:30	2551	District object (2551)	3		7	1
486	2025-08-21 16:55:25.154995+05:30	2550	District object (2550)	3		7	1
487	2025-08-21 16:55:25.16563+05:30	2549	District object (2549)	3		7	1
488	2025-08-21 16:55:25.177385+05:30	2548	District object (2548)	3		7	1
489	2025-08-21 16:55:25.188824+05:30	2547	District object (2547)	3		7	1
490	2025-08-21 16:55:25.199811+05:30	2546	District object (2546)	3		7	1
491	2025-08-21 16:55:25.211136+05:30	2545	District object (2545)	3		7	1
492	2025-08-21 16:55:25.222426+05:30	2544	District object (2544)	3		7	1
493	2025-08-21 16:55:25.233549+05:30	2543	District object (2543)	3		7	1
494	2025-08-21 16:55:25.24499+05:30	2542	District object (2542)	3		7	1
495	2025-08-21 16:55:25.255909+05:30	2541	District object (2541)	3		7	1
496	2025-08-21 16:55:25.267202+05:30	2540	District object (2540)	3		7	1
497	2025-08-21 16:55:25.378479+05:30	2539	District object (2539)	3		7	1
498	2025-08-21 16:55:25.389672+05:30	2538	District object (2538)	3		7	1
499	2025-08-21 16:55:25.400886+05:30	2537	District object (2537)	3		7	1
500	2025-08-21 16:55:25.412154+05:30	2536	District object (2536)	3		7	1
501	2025-08-21 16:55:25.423483+05:30	2535	District object (2535)	3		7	1
502	2025-08-21 16:55:25.434629+05:30	2534	District object (2534)	3		7	1
503	2025-08-21 16:55:25.445862+05:30	2533	District object (2533)	3		7	1
504	2025-08-21 16:55:31.823783+05:30	2532	District object (2532)	3		7	1
505	2025-08-21 16:55:31.834057+05:30	2531	District object (2531)	3		7	1
506	2025-08-21 16:55:31.8454+05:30	2530	District object (2530)	3		7	1
507	2025-08-21 16:55:31.8568+05:30	2529	District object (2529)	3		7	1
508	2025-08-21 16:55:31.86797+05:30	2528	District object (2528)	3		7	1
509	2025-08-21 16:55:31.879302+05:30	2527	District object (2527)	3		7	1
510	2025-08-21 16:55:31.890708+05:30	2526	District object (2526)	3		7	1
511	2025-08-21 16:55:31.90177+05:30	2525	District object (2525)	3		7	1
512	2025-08-21 16:55:31.913064+05:30	2524	District object (2524)	3		7	1
513	2025-08-21 16:55:31.924146+05:30	2523	District object (2523)	3		7	1
514	2025-08-21 16:55:31.93545+05:30	2522	District object (2522)	3		7	1
515	2025-08-21 16:55:31.946765+05:30	2521	District object (2521)	3		7	1
516	2025-08-21 16:55:31.957888+05:30	2520	District object (2520)	3		7	1
517	2025-08-21 16:55:31.969296+05:30	2519	District object (2519)	3		7	1
518	2025-08-21 16:55:31.98042+05:30	2518	District object (2518)	3		7	1
519	2025-08-21 16:55:31.991517+05:30	2517	District object (2517)	3		7	1
520	2025-08-21 16:55:32.002969+05:30	2516	District object (2516)	3		7	1
521	2025-08-21 16:55:32.013935+05:30	2515	District object (2515)	3		7	1
522	2025-08-21 16:55:32.02526+05:30	2514	District object (2514)	3		7	1
523	2025-08-21 16:55:32.03699+05:30	2513	District object (2513)	3		7	1
524	2025-08-21 16:55:32.047616+05:30	2512	District object (2512)	3		7	1
525	2025-08-21 16:55:32.05887+05:30	2511	District object (2511)	3		7	1
526	2025-08-21 16:55:32.07052+05:30	2510	District object (2510)	3		7	1
527	2025-08-21 16:55:32.081561+05:30	2509	District object (2509)	3		7	1
528	2025-08-21 16:55:32.092412+05:30	2508	District object (2508)	3		7	1
529	2025-08-21 16:55:32.103753+05:30	2507	District object (2507)	3		7	1
530	2025-08-21 16:55:32.114887+05:30	2506	District object (2506)	3		7	1
531	2025-08-21 16:55:32.126303+05:30	2505	District object (2505)	3		7	1
532	2025-08-21 16:55:32.137298+05:30	2504	District object (2504)	3		7	1
533	2025-08-21 16:55:32.148431+05:30	2503	District object (2503)	3		7	1
534	2025-08-21 16:55:32.159706+05:30	2502	District object (2502)	3		7	1
535	2025-08-21 16:55:32.171537+05:30	2501	District object (2501)	3		7	1
536	2025-08-21 16:55:32.182455+05:30	2500	District object (2500)	3		7	1
537	2025-08-21 16:55:32.193745+05:30	2499	District object (2499)	3		7	1
538	2025-08-21 16:55:32.206363+05:30	2498	District object (2498)	3		7	1
539	2025-08-21 16:55:32.217722+05:30	2497	District object (2497)	3		7	1
540	2025-08-21 16:55:32.228856+05:30	2496	District object (2496)	3		7	1
541	2025-08-21 16:55:32.240171+05:30	2495	District object (2495)	3		7	1
542	2025-08-21 16:55:32.251417+05:30	2494	District object (2494)	3		7	1
543	2025-08-21 16:55:32.262555+05:30	2493	District object (2493)	3		7	1
544	2025-08-21 16:55:32.273962+05:30	2492	District object (2492)	3		7	1
545	2025-08-21 16:55:32.2852+05:30	2491	District object (2491)	3		7	1
546	2025-08-21 16:55:32.296229+05:30	2490	District object (2490)	3		7	1
547	2025-08-21 16:55:32.307545+05:30	2489	District object (2489)	3		7	1
548	2025-08-21 16:55:32.318724+05:30	2488	District object (2488)	3		7	1
549	2025-08-21 16:55:32.329938+05:30	2487	District object (2487)	3		7	1
550	2025-08-21 16:55:32.341076+05:30	2486	District object (2486)	3		7	1
551	2025-08-21 16:55:32.352438+05:30	2485	District object (2485)	3		7	1
552	2025-08-21 16:55:32.363734+05:30	2484	District object (2484)	3		7	1
553	2025-08-21 16:55:32.374811+05:30	2483	District object (2483)	3		7	1
554	2025-08-21 16:55:32.386099+05:30	2482	District object (2482)	3		7	1
555	2025-08-21 16:55:32.3974+05:30	2481	District object (2481)	3		7	1
556	2025-08-21 16:55:32.408712+05:30	2480	District object (2480)	3		7	1
557	2025-08-21 16:55:32.419859+05:30	2479	District object (2479)	3		7	1
558	2025-08-21 16:55:32.430949+05:30	2478	District object (2478)	3		7	1
559	2025-08-21 16:55:32.442303+05:30	2477	District object (2477)	3		7	1
560	2025-08-21 16:55:32.4536+05:30	2476	District object (2476)	3		7	1
561	2025-08-21 16:55:32.4646+05:30	2475	District object (2475)	3		7	1
562	2025-08-21 16:55:32.475885+05:30	2474	District object (2474)	3		7	1
563	2025-08-21 16:55:32.487525+05:30	2473	District object (2473)	3		7	1
564	2025-08-21 16:55:32.498145+05:30	2472	District object (2472)	3		7	1
565	2025-08-21 16:55:32.50931+05:30	2471	District object (2471)	3		7	1
566	2025-08-21 16:55:32.520447+05:30	2470	District object (2470)	3		7	1
567	2025-08-21 16:55:32.532363+05:30	2469	District object (2469)	3		7	1
568	2025-08-21 16:55:32.54344+05:30	2468	District object (2468)	3		7	1
569	2025-08-21 16:55:32.554645+05:30	2467	District object (2467)	3		7	1
570	2025-08-21 16:55:32.565916+05:30	2466	District object (2466)	3		7	1
571	2025-08-21 16:55:32.577115+05:30	2465	District object (2465)	3		7	1
572	2025-08-21 16:55:32.588366+05:30	2464	District object (2464)	3		7	1
573	2025-08-21 16:55:32.599604+05:30	2463	District object (2463)	3		7	1
574	2025-08-21 16:55:32.610785+05:30	2462	District object (2462)	3		7	1
575	2025-08-21 16:55:32.62193+05:30	2461	District object (2461)	3		7	1
576	2025-08-21 16:55:32.633286+05:30	2460	District object (2460)	3		7	1
577	2025-08-21 16:55:32.644158+05:30	2459	District object (2459)	3		7	1
578	2025-08-21 16:55:32.655716+05:30	2458	District object (2458)	3		7	1
579	2025-08-21 16:55:32.666886+05:30	2457	District object (2457)	3		7	1
580	2025-08-21 16:55:32.678099+05:30	2456	District object (2456)	3		7	1
581	2025-08-21 16:55:32.689389+05:30	2455	District object (2455)	3		7	1
582	2025-08-21 16:55:32.700952+05:30	2454	District object (2454)	3		7	1
583	2025-08-21 16:55:32.711968+05:30	2453	District object (2453)	3		7	1
584	2025-08-21 16:55:32.723678+05:30	2452	District object (2452)	3		7	1
585	2025-08-21 16:55:32.734663+05:30	2451	District object (2451)	3		7	1
586	2025-08-21 16:55:32.745915+05:30	2450	District object (2450)	3		7	1
587	2025-08-21 16:55:32.757192+05:30	2449	District object (2449)	3		7	1
588	2025-08-21 16:55:32.768549+05:30	2448	District object (2448)	3		7	1
589	2025-08-21 16:55:32.779668+05:30	2447	District object (2447)	3		7	1
590	2025-08-21 16:55:32.790778+05:30	2446	District object (2446)	3		7	1
591	2025-08-21 16:55:32.802095+05:30	2445	District object (2445)	3		7	1
592	2025-08-21 16:55:32.813559+05:30	2444	District object (2444)	3		7	1
593	2025-08-21 16:55:32.824577+05:30	2443	District object (2443)	3		7	1
594	2025-08-21 16:55:32.835811+05:30	2442	District object (2442)	3		7	1
595	2025-08-21 16:55:32.935432+05:30	2441	District object (2441)	3		7	1
596	2025-08-21 16:55:32.947398+05:30	2440	District object (2440)	3		7	1
597	2025-08-21 16:55:32.958555+05:30	2439	District object (2439)	3		7	1
598	2025-08-21 16:55:32.969694+05:30	2438	District object (2438)	3		7	1
599	2025-08-21 16:55:32.981018+05:30	2437	District object (2437)	3		7	1
600	2025-08-21 16:55:32.992118+05:30	2436	District object (2436)	3		7	1
601	2025-08-21 16:55:33.003312+05:30	2435	District object (2435)	3		7	1
602	2025-08-21 16:55:33.014706+05:30	2434	District object (2434)	3		7	1
603	2025-08-21 16:55:33.025687+05:30	2433	District object (2433)	3		7	1
604	2025-08-21 16:55:49.198863+05:30	2432	District object (2432)	3		7	1
605	2025-08-21 16:55:49.208779+05:30	2431	District object (2431)	3		7	1
606	2025-08-21 16:55:49.219782+05:30	2430	District object (2430)	3		7	1
607	2025-08-21 16:55:49.231149+05:30	2429	District object (2429)	3		7	1
608	2025-08-21 16:55:49.242297+05:30	2428	District object (2428)	3		7	1
609	2025-08-21 16:55:49.253678+05:30	2427	District object (2427)	3		7	1
610	2025-08-21 16:55:49.26474+05:30	2426	District object (2426)	3		7	1
611	2025-08-21 16:55:49.276181+05:30	2425	District object (2425)	3		7	1
612	2025-08-21 16:55:49.287341+05:30	2424	District object (2424)	3		7	1
613	2025-08-21 16:55:49.298477+05:30	2423	District object (2423)	3		7	1
614	2025-08-21 16:55:49.309684+05:30	2422	District object (2422)	3		7	1
615	2025-08-21 16:55:49.320989+05:30	2421	District object (2421)	3		7	1
616	2025-08-21 16:55:49.332238+05:30	2420	District object (2420)	3		7	1
617	2025-08-21 16:55:49.343403+05:30	2419	District object (2419)	3		7	1
618	2025-08-21 16:55:49.354733+05:30	2418	District object (2418)	3		7	1
619	2025-08-21 16:55:49.365919+05:30	2417	District object (2417)	3		7	1
620	2025-08-21 16:55:49.378586+05:30	2416	District object (2416)	3		7	1
621	2025-08-21 16:55:49.38997+05:30	2415	District object (2415)	3		7	1
622	2025-08-21 16:55:49.401097+05:30	2414	District object (2414)	3		7	1
623	2025-08-21 16:55:49.412338+05:30	2413	District object (2413)	3		7	1
624	2025-08-21 16:55:49.423506+05:30	2412	District object (2412)	3		7	1
625	2025-08-21 16:55:49.434769+05:30	2411	District object (2411)	3		7	1
626	2025-08-21 16:55:49.445851+05:30	2410	District object (2410)	3		7	1
627	2025-08-21 16:55:49.457232+05:30	2409	District object (2409)	3		7	1
628	2025-08-21 16:55:49.468489+05:30	2408	District object (2408)	3		7	1
629	2025-08-21 16:55:49.479523+05:30	2407	District object (2407)	3		7	1
630	2025-08-21 16:55:49.490862+05:30	2406	District object (2406)	3		7	1
631	2025-08-21 16:55:49.502112+05:30	2405	District object (2405)	3		7	1
632	2025-08-21 16:55:49.513451+05:30	2404	District object (2404)	3		7	1
633	2025-08-21 16:55:49.524677+05:30	2403	District object (2403)	3		7	1
634	2025-08-21 16:55:49.535801+05:30	2402	District object (2402)	3		7	1
635	2025-08-21 16:55:49.54688+05:30	2401	District object (2401)	3		7	1
636	2025-08-21 16:55:49.558282+05:30	2400	District object (2400)	3		7	1
637	2025-08-21 16:55:49.569428+05:30	2399	District object (2399)	3		7	1
638	2025-08-21 16:55:49.580712+05:30	2398	District object (2398)	3		7	1
639	2025-08-21 16:55:49.592076+05:30	2397	District object (2397)	3		7	1
640	2025-08-21 16:55:49.603152+05:30	2396	District object (2396)	3		7	1
641	2025-08-21 16:55:49.614508+05:30	2395	District object (2395)	3		7	1
642	2025-08-21 16:55:49.625672+05:30	2394	District object (2394)	3		7	1
643	2025-08-21 16:55:49.63694+05:30	2393	District object (2393)	3		7	1
644	2025-08-21 16:55:49.648022+05:30	2392	District object (2392)	3		7	1
645	2025-08-21 16:55:49.659359+05:30	2391	District object (2391)	3		7	1
646	2025-08-21 16:55:49.670551+05:30	2390	District object (2390)	3		7	1
647	2025-08-21 16:55:49.681676+05:30	2389	District object (2389)	3		7	1
648	2025-08-21 16:55:49.692876+05:30	2388	District object (2388)	3		7	1
649	2025-08-21 16:55:49.704268+05:30	2387	District object (2387)	3		7	1
650	2025-08-21 16:55:49.715319+05:30	2386	District object (2386)	3		7	1
651	2025-08-21 16:55:49.726581+05:30	2385	District object (2385)	3		7	1
652	2025-08-21 16:55:49.737651+05:30	2384	District object (2384)	3		7	1
653	2025-08-21 16:55:49.749024+05:30	2383	District object (2383)	3		7	1
654	2025-08-21 16:55:49.760449+05:30	2382	District object (2382)	3		7	1
655	2025-08-21 16:55:49.771698+05:30	2381	District object (2381)	3		7	1
656	2025-08-21 16:55:49.782829+05:30	2380	District object (2380)	3		7	1
657	2025-08-21 16:55:49.882961+05:30	2379	District object (2379)	3		7	1
658	2025-08-21 16:55:49.893996+05:30	2378	District object (2378)	3		7	1
659	2025-08-21 16:55:49.9055+05:30	2377	District object (2377)	3		7	1
660	2025-08-21 16:55:49.916712+05:30	2376	District object (2376)	3		7	1
661	2025-08-21 16:55:49.927706+05:30	2375	District object (2375)	3		7	1
662	2025-08-21 16:55:49.939142+05:30	2374	District object (2374)	3		7	1
663	2025-08-21 16:55:49.950387+05:30	2373	District object (2373)	3		7	1
664	2025-08-21 16:55:49.961567+05:30	2372	District object (2372)	3		7	1
665	2025-08-21 16:55:49.972832+05:30	2371	District object (2371)	3		7	1
666	2025-08-21 16:55:49.984079+05:30	2370	District object (2370)	3		7	1
667	2025-08-21 16:55:49.995343+05:30	2369	District object (2369)	3		7	1
668	2025-08-21 16:55:50.006493+05:30	2368	District object (2368)	3		7	1
669	2025-08-21 16:55:50.017739+05:30	2367	District object (2367)	3		7	1
670	2025-08-21 16:55:50.028965+05:30	2366	District object (2366)	3		7	1
671	2025-08-21 16:55:50.040245+05:30	2365	District object (2365)	3		7	1
672	2025-08-21 16:55:50.051474+05:30	2364	District object (2364)	3		7	1
673	2025-08-21 16:55:50.062453+05:30	2363	District object (2363)	3		7	1
674	2025-08-21 16:55:50.073799+05:30	2362	District object (2362)	3		7	1
675	2025-08-21 16:55:50.085313+05:30	2361	District object (2361)	3		7	1
676	2025-08-21 16:55:50.096279+05:30	2360	District object (2360)	3		7	1
677	2025-08-21 16:55:50.107713+05:30	2359	District object (2359)	3		7	1
678	2025-08-21 16:55:50.118786+05:30	2358	District object (2358)	3		7	1
679	2025-08-21 16:55:50.129982+05:30	2357	District object (2357)	3		7	1
680	2025-08-21 16:55:50.141276+05:30	2356	District object (2356)	3		7	1
681	2025-08-21 16:55:50.15229+05:30	2355	District object (2355)	3		7	1
682	2025-08-21 16:55:50.163772+05:30	2354	District object (2354)	3		7	1
683	2025-08-21 16:55:50.174929+05:30	2353	District object (2353)	3		7	1
684	2025-08-21 16:55:50.185701+05:30	2352	District object (2352)	3		7	1
685	2025-08-21 16:55:50.197069+05:30	2351	District object (2351)	3		7	1
686	2025-08-21 16:55:50.208812+05:30	2350	District object (2350)	3		7	1
687	2025-08-21 16:55:50.219928+05:30	2349	District object (2349)	3		7	1
688	2025-08-21 16:55:50.231179+05:30	2348	District object (2348)	3		7	1
689	2025-08-21 16:55:50.242537+05:30	2347	District object (2347)	3		7	1
690	2025-08-21 16:55:50.253573+05:30	2346	District object (2346)	3		7	1
691	2025-08-21 16:55:50.264893+05:30	2345	District object (2345)	3		7	1
692	2025-08-21 16:55:50.2761+05:30	2344	District object (2344)	3		7	1
693	2025-08-21 16:55:50.287548+05:30	2343	District object (2343)	3		7	1
694	2025-08-21 16:55:50.298573+05:30	2342	District object (2342)	3		7	1
695	2025-08-21 16:55:50.309681+05:30	2341	District object (2341)	3		7	1
696	2025-08-21 16:55:50.321282+05:30	2340	District object (2340)	3		7	1
697	2025-08-21 16:55:50.332299+05:30	2339	District object (2339)	3		7	1
698	2025-08-21 16:55:50.343314+05:30	2338	District object (2338)	3		7	1
699	2025-08-21 16:55:50.354674+05:30	2337	District object (2337)	3		7	1
700	2025-08-21 16:55:50.365777+05:30	2336	District object (2336)	3		7	1
701	2025-08-21 16:55:50.377021+05:30	2335	District object (2335)	3		7	1
702	2025-08-21 16:55:50.388338+05:30	2334	District object (2334)	3		7	1
703	2025-08-21 16:55:50.399493+05:30	2333	District object (2333)	3		7	1
704	2025-08-21 16:55:57.604862+05:30	2332	District object (2332)	3		7	1
705	2025-08-21 16:55:57.617785+05:30	2331	District object (2331)	3		7	1
706	2025-08-21 16:55:57.62889+05:30	2330	District object (2330)	3		7	1
707	2025-08-21 16:55:57.640205+05:30	2329	District object (2329)	3		7	1
708	2025-08-21 16:55:57.651616+05:30	2328	District object (2328)	3		7	1
709	2025-08-21 16:55:57.66249+05:30	2327	District object (2327)	3		7	1
710	2025-08-21 16:55:57.674027+05:30	2326	District object (2326)	3		7	1
711	2025-08-21 16:55:57.685467+05:30	2325	District object (2325)	3		7	1
712	2025-08-21 16:55:57.696209+05:30	2324	District object (2324)	3		7	1
713	2025-08-21 16:55:57.70754+05:30	2323	District object (2323)	3		7	1
714	2025-08-21 16:55:57.718866+05:30	2322	District object (2322)	3		7	1
715	2025-08-21 16:55:57.729839+05:30	2321	District object (2321)	3		7	1
716	2025-08-21 16:55:57.741303+05:30	2320	District object (2320)	3		7	1
717	2025-08-21 16:55:57.752274+05:30	2319	District object (2319)	3		7	1
718	2025-08-21 16:55:57.763536+05:30	2318	District object (2318)	3		7	1
719	2025-08-21 16:55:57.774716+05:30	2317	District object (2317)	3		7	1
720	2025-08-21 16:55:57.786018+05:30	2316	District object (2316)	3		7	1
721	2025-08-21 16:55:57.797336+05:30	2315	District object (2315)	3		7	1
722	2025-08-21 16:55:57.808287+05:30	2314	District object (2314)	3		7	1
723	2025-08-21 16:55:57.819794+05:30	2313	District object (2313)	3		7	1
724	2025-08-21 16:55:57.831062+05:30	2312	District object (2312)	3		7	1
725	2025-08-21 16:55:57.842357+05:30	2311	District object (2311)	3		7	1
726	2025-08-21 16:55:57.853519+05:30	2310	District object (2310)	3		7	1
727	2025-08-21 16:55:57.864766+05:30	2309	District object (2309)	3		7	1
728	2025-08-21 16:55:57.87602+05:30	2308	District object (2308)	3		7	1
729	2025-08-21 16:55:57.887453+05:30	2307	District object (2307)	3		7	1
730	2025-08-21 16:55:57.898561+05:30	2306	District object (2306)	3		7	1
731	2025-08-21 16:55:57.909693+05:30	2305	District object (2305)	3		7	1
732	2025-08-21 16:55:57.920827+05:30	2304	District object (2304)	3		7	1
733	2025-08-21 16:55:57.932172+05:30	2303	District object (2303)	3		7	1
734	2025-08-21 16:55:57.943285+05:30	2302	District object (2302)	3		7	1
735	2025-08-21 16:55:57.954456+05:30	2301	District object (2301)	3		7	1
736	2025-08-21 16:55:57.96583+05:30	2300	District object (2300)	3		7	1
737	2025-08-21 16:55:57.976965+05:30	2299	District object (2299)	3		7	1
738	2025-08-21 16:55:57.988183+05:30	2298	District object (2298)	3		7	1
739	2025-08-21 16:55:57.999507+05:30	2297	District object (2297)	3		7	1
740	2025-08-21 16:55:58.010681+05:30	2296	District object (2296)	3		7	1
741	2025-08-21 16:55:58.021714+05:30	2295	District object (2295)	3		7	1
742	2025-08-21 16:55:58.033222+05:30	2294	District object (2294)	3		7	1
743	2025-08-21 16:55:58.044394+05:30	2293	District object (2293)	3		7	1
744	2025-08-21 16:55:58.055858+05:30	2292	District object (2292)	3		7	1
745	2025-08-21 16:55:58.067093+05:30	2291	District object (2291)	3		7	1
746	2025-08-21 16:55:58.078155+05:30	2290	District object (2290)	3		7	1
747	2025-08-21 16:55:58.089295+05:30	2289	District object (2289)	3		7	1
748	2025-08-21 16:55:58.18938+05:30	2288	District object (2288)	3		7	1
749	2025-08-21 16:55:58.200682+05:30	2287	District object (2287)	3		7	1
750	2025-08-21 16:55:58.211929+05:30	2286	District object (2286)	3		7	1
751	2025-08-21 16:55:58.223122+05:30	2285	District object (2285)	3		7	1
752	2025-08-21 16:55:58.234383+05:30	2284	District object (2284)	3		7	1
753	2025-08-21 16:55:58.245674+05:30	2283	District object (2283)	3		7	1
754	2025-08-21 16:55:58.256905+05:30	2282	District object (2282)	3		7	1
755	2025-08-21 16:55:58.268083+05:30	2281	District object (2281)	3		7	1
756	2025-08-21 16:55:58.279292+05:30	2280	District object (2280)	3		7	1
757	2025-08-21 16:55:58.290519+05:30	2279	District object (2279)	3		7	1
758	2025-08-21 16:55:58.301748+05:30	2278	District object (2278)	3		7	1
759	2025-08-21 16:55:58.312979+05:30	2277	District object (2277)	3		7	1
760	2025-08-21 16:55:58.324419+05:30	2276	District object (2276)	3		7	1
761	2025-08-21 16:55:58.335526+05:30	2275	District object (2275)	3		7	1
762	2025-08-21 16:55:58.346835+05:30	1516	District object (1516)	3		7	1
763	2025-08-21 16:55:58.358125+05:30	1515	District object (1515)	3		7	1
764	2025-08-21 16:55:58.369238+05:30	1514	District object (1514)	3		7	1
765	2025-08-21 16:55:58.38062+05:30	1513	District object (1513)	3		7	1
766	2025-08-21 16:55:58.391721+05:30	1512	District object (1512)	3		7	1
767	2025-08-21 16:55:58.402875+05:30	1511	District object (1511)	3		7	1
768	2025-08-21 16:55:58.414294+05:30	1510	District object (1510)	3		7	1
769	2025-08-21 16:55:58.425378+05:30	1509	District object (1509)	3		7	1
770	2025-08-21 16:55:58.436875+05:30	1508	District object (1508)	3		7	1
771	2025-08-21 16:55:58.447941+05:30	1507	District object (1507)	3		7	1
772	2025-08-21 16:55:58.45908+05:30	1506	District object (1506)	3		7	1
773	2025-08-21 16:55:58.470758+05:30	1505	District object (1505)	3		7	1
774	2025-08-21 16:55:58.481466+05:30	1504	District object (1504)	3		7	1
775	2025-08-21 16:55:58.503996+05:30	1503	District object (1503)	3		7	1
776	2025-08-21 16:55:58.514892+05:30	1502	District object (1502)	3		7	1
777	2025-08-21 16:55:58.527927+05:30	1501	District object (1501)	3		7	1
778	2025-08-21 16:55:58.538942+05:30	1500	District object (1500)	3		7	1
779	2025-08-21 16:55:58.550337+05:30	1499	District object (1499)	3		7	1
780	2025-08-21 16:55:58.561791+05:30	1498	District object (1498)	3		7	1
781	2025-08-21 16:55:58.572878+05:30	1497	District object (1497)	3		7	1
782	2025-08-21 16:55:58.58444+05:30	1496	District object (1496)	3		7	1
783	2025-08-21 16:55:58.595445+05:30	1495	District object (1495)	3		7	1
784	2025-08-21 16:55:58.606538+05:30	1494	District object (1494)	3		7	1
785	2025-08-21 16:55:58.617982+05:30	1493	District object (1493)	3		7	1
786	2025-08-21 16:55:58.629205+05:30	1492	District object (1492)	3		7	1
787	2025-08-21 16:55:58.640394+05:30	1491	District object (1491)	3		7	1
788	2025-08-21 16:55:58.651938+05:30	1490	District object (1490)	3		7	1
789	2025-08-21 16:55:58.662836+05:30	1489	District object (1489)	3		7	1
790	2025-08-21 16:55:58.674146+05:30	1488	District object (1488)	3		7	1
791	2025-08-21 16:55:58.685538+05:30	1487	District object (1487)	3		7	1
792	2025-08-21 16:55:58.696559+05:30	1486	District object (1486)	3		7	1
793	2025-08-21 16:55:58.707758+05:30	1485	District object (1485)	3		7	1
794	2025-08-21 16:55:58.718733+05:30	1484	District object (1484)	3		7	1
795	2025-08-21 16:55:58.730206+05:30	1483	District object (1483)	3		7	1
796	2025-08-21 16:55:58.741383+05:30	1482	District object (1482)	3		7	1
797	2025-08-21 16:55:58.752577+05:30	1481	District object (1481)	3		7	1
798	2025-08-21 16:55:58.763898+05:30	1480	District object (1480)	3		7	1
799	2025-08-21 16:55:58.775115+05:30	1479	District object (1479)	3		7	1
800	2025-08-21 16:55:58.786571+05:30	1478	District object (1478)	3		7	1
801	2025-08-21 16:55:58.797643+05:30	1477	District object (1477)	3		7	1
802	2025-08-21 16:55:58.808699+05:30	1476	District object (1476)	3		7	1
803	2025-08-21 16:55:58.819981+05:30	1475	District object (1475)	3		7	1
804	2025-08-21 16:56:05.297118+05:30	1474	District object (1474)	3		7	1
805	2025-08-21 16:56:05.303146+05:30	1473	District object (1473)	3		7	1
806	2025-08-21 16:56:05.315161+05:30	1472	District object (1472)	3		7	1
807	2025-08-21 16:56:05.326029+05:30	1471	District object (1471)	3		7	1
808	2025-08-21 16:56:05.337126+05:30	1470	District object (1470)	3		7	1
809	2025-08-21 16:56:05.348576+05:30	1469	District object (1469)	3		7	1
810	2025-08-21 16:56:05.35968+05:30	1468	District object (1468)	3		7	1
811	2025-08-21 16:56:05.37084+05:30	1467	District object (1467)	3		7	1
812	2025-08-21 16:56:05.382229+05:30	1466	District object (1466)	3		7	1
813	2025-08-21 16:56:05.393333+05:30	1465	District object (1465)	3		7	1
814	2025-08-21 16:56:05.40474+05:30	1464	District object (1464)	3		7	1
815	2025-08-21 16:56:05.416107+05:30	1463	District object (1463)	3		7	1
816	2025-08-21 16:56:05.427139+05:30	1462	District object (1462)	3		7	1
817	2025-08-21 16:56:05.438287+05:30	1461	District object (1461)	3		7	1
818	2025-08-21 16:56:05.449427+05:30	1460	District object (1460)	3		7	1
819	2025-08-21 16:56:05.460764+05:30	1459	District object (1459)	3		7	1
820	2025-08-21 16:56:05.471875+05:30	1458	District object (1458)	3		7	1
821	2025-08-21 16:56:05.483597+05:30	1457	District object (1457)	3		7	1
822	2025-08-21 16:56:05.494571+05:30	1456	District object (1456)	3		7	1
823	2025-08-21 16:56:05.505568+05:30	1455	District object (1455)	3		7	1
824	2025-08-21 16:56:05.516771+05:30	1454	District object (1454)	3		7	1
825	2025-08-21 16:56:05.528172+05:30	1453	District object (1453)	3		7	1
826	2025-08-21 16:56:05.53931+05:30	1452	District object (1452)	3		7	1
827	2025-08-21 16:56:05.550545+05:30	1451	District object (1451)	3		7	1
828	2025-08-21 16:56:05.56327+05:30	1450	District object (1450)	3		7	1
829	2025-08-21 16:56:05.574529+05:30	1449	District object (1449)	3		7	1
830	2025-08-21 16:56:05.585777+05:30	1448	District object (1448)	3		7	1
831	2025-08-21 16:56:05.597017+05:30	1447	District object (1447)	3		7	1
832	2025-08-21 16:56:05.608294+05:30	1446	District object (1446)	3		7	1
833	2025-08-21 16:56:05.61944+05:30	1445	District object (1445)	3		7	1
834	2025-08-21 16:56:05.631077+05:30	1444	District object (1444)	3		7	1
835	2025-08-21 16:56:05.641983+05:30	1443	District object (1443)	3		7	1
836	2025-08-21 16:56:05.653177+05:30	1442	District object (1442)	3		7	1
837	2025-08-21 16:56:05.664358+05:30	1441	District object (1441)	3		7	1
838	2025-08-21 16:56:05.675663+05:30	1440	District object (1440)	3		7	1
839	2025-08-21 16:56:05.686366+05:30	1439	District object (1439)	3		7	1
840	2025-08-21 16:56:05.698113+05:30	1438	District object (1438)	3		7	1
841	2025-08-21 16:56:05.709353+05:30	1437	District object (1437)	3		7	1
842	2025-08-21 16:56:05.720485+05:30	1436	District object (1436)	3		7	1
843	2025-08-21 16:56:05.731812+05:30	1435	District object (1435)	3		7	1
844	2025-08-21 16:56:05.742869+05:30	1434	District object (1434)	3		7	1
845	2025-08-21 16:56:05.754121+05:30	1433	District object (1433)	3		7	1
846	2025-08-21 16:56:05.765483+05:30	1432	District object (1432)	3		7	1
847	2025-08-21 16:56:05.776733+05:30	1431	District object (1431)	3		7	1
848	2025-08-21 16:56:05.787905+05:30	1430	District object (1430)	3		7	1
849	2025-08-21 16:56:05.79944+05:30	1429	District object (1429)	3		7	1
850	2025-08-21 16:56:05.810366+05:30	1428	District object (1428)	3		7	1
851	2025-08-21 16:56:05.82163+05:30	1427	District object (1427)	3		7	1
852	2025-08-21 16:56:05.832691+05:30	1426	District object (1426)	3		7	1
853	2025-08-21 16:56:05.844246+05:30	1425	District object (1425)	3		7	1
854	2025-08-21 16:56:05.955372+05:30	1424	District object (1424)	3		7	1
855	2025-08-21 16:56:05.966526+05:30	1423	District object (1423)	3		7	1
856	2025-08-21 16:56:05.977792+05:30	1422	District object (1422)	3		7	1
857	2025-08-21 16:56:05.988949+05:30	1421	District object (1421)	3		7	1
858	2025-08-21 16:56:06.037415+05:30	1420	District object (1420)	3		7	1
859	2025-08-21 16:56:06.084762+05:30	1419	District object (1419)	3		7	1
860	2025-08-21 16:56:06.134014+05:30	1418	District object (1418)	3		7	1
861	2025-08-21 16:56:06.146269+05:30	1417	District object (1417)	3		7	1
862	2025-08-21 16:56:06.157302+05:30	1416	District object (1416)	3		7	1
863	2025-08-21 16:56:06.16838+05:30	1415	District object (1415)	3		7	1
864	2025-08-21 16:56:06.17973+05:30	1414	District object (1414)	3		7	1
865	2025-08-21 16:56:06.190935+05:30	1413	District object (1413)	3		7	1
866	2025-08-21 16:56:06.202239+05:30	1412	District object (1412)	3		7	1
867	2025-08-21 16:56:06.213455+05:30	1411	District object (1411)	3		7	1
868	2025-08-21 16:56:06.224585+05:30	1410	District object (1410)	3		7	1
869	2025-08-21 16:56:06.235917+05:30	1409	District object (1409)	3		7	1
870	2025-08-21 16:56:06.24697+05:30	1408	District object (1408)	3		7	1
871	2025-08-21 16:56:06.25821+05:30	1407	District object (1407)	3		7	1
872	2025-08-21 16:56:06.269622+05:30	1406	District object (1406)	3		7	1
873	2025-08-21 16:56:06.280752+05:30	1405	District object (1405)	3		7	1
874	2025-08-21 16:56:06.291929+05:30	1404	District object (1404)	3		7	1
875	2025-08-21 16:56:06.303215+05:30	1403	District object (1403)	3		7	1
876	2025-08-21 16:56:06.314473+05:30	1402	District object (1402)	3		7	1
877	2025-08-21 16:56:06.326061+05:30	1401	District object (1401)	3		7	1
878	2025-08-21 16:56:06.336898+05:30	1400	District object (1400)	3		7	1
879	2025-08-21 16:56:06.34831+05:30	1399	District object (1399)	3		7	1
880	2025-08-21 16:56:06.359302+05:30	1398	District object (1398)	3		7	1
881	2025-08-21 16:56:06.370463+05:30	1397	District object (1397)	3		7	1
882	2025-08-21 16:56:06.381992+05:30	1396	District object (1396)	3		7	1
883	2025-08-21 16:56:06.393139+05:30	1395	District object (1395)	3		7	1
884	2025-08-21 16:56:06.404111+05:30	1394	District object (1394)	3		7	1
885	2025-08-21 16:56:06.415682+05:30	1393	District object (1393)	3		7	1
886	2025-08-21 16:56:06.426785+05:30	1392	District object (1392)	3		7	1
887	2025-08-21 16:56:06.437944+05:30	1391	District object (1391)	3		7	1
888	2025-08-21 16:56:06.449324+05:30	1390	District object (1390)	3		7	1
889	2025-08-21 16:56:06.460344+05:30	1389	District object (1389)	3		7	1
890	2025-08-21 16:56:06.471681+05:30	1388	District object (1388)	3		7	1
891	2025-08-21 16:56:06.483338+05:30	1387	District object (1387)	3		7	1
892	2025-08-21 16:56:06.493882+05:30	1386	District object (1386)	3		7	1
893	2025-08-21 16:56:06.504972+05:30	1385	District object (1385)	3		7	1
894	2025-08-21 16:56:06.516189+05:30	1384	District object (1384)	3		7	1
895	2025-08-21 16:56:06.52756+05:30	1383	District object (1383)	3		7	1
896	2025-08-21 16:56:06.539235+05:30	1382	District object (1382)	3		7	1
897	2025-08-21 16:56:06.550369+05:30	1381	District object (1381)	3		7	1
898	2025-08-21 16:56:06.561872+05:30	1380	District object (1380)	3		7	1
899	2025-08-21 16:56:06.572926+05:30	1379	District object (1379)	3		7	1
900	2025-08-21 16:56:06.583981+05:30	1378	District object (1378)	3		7	1
901	2025-08-21 16:56:06.595325+05:30	1377	District object (1377)	3		7	1
902	2025-08-21 16:56:06.606542+05:30	1376	District object (1376)	3		7	1
903	2025-08-21 16:56:06.617732+05:30	1375	District object (1375)	3		7	1
904	2025-08-21 16:56:17.342442+05:30	1374	District object (1374)	3		7	1
905	2025-08-21 16:56:17.350885+05:30	1373	District object (1373)	3		7	1
906	2025-08-21 16:56:17.361936+05:30	1372	District object (1372)	3		7	1
907	2025-08-21 16:56:17.37314+05:30	1371	District object (1371)	3		7	1
908	2025-08-21 16:56:17.384574+05:30	1370	District object (1370)	3		7	1
909	2025-08-21 16:56:17.395731+05:30	1369	District object (1369)	3		7	1
910	2025-08-21 16:56:17.406879+05:30	1368	District object (1368)	3		7	1
911	2025-08-21 16:56:17.418104+05:30	1367	District object (1367)	3		7	1
912	2025-08-21 16:56:17.429563+05:30	1366	District object (1366)	3		7	1
913	2025-08-21 16:56:17.440643+05:30	1365	District object (1365)	3		7	1
914	2025-08-21 16:56:17.451771+05:30	1364	District object (1364)	3		7	1
915	2025-08-21 16:56:17.463021+05:30	1363	District object (1363)	3		7	1
916	2025-08-21 16:56:17.474258+05:30	1362	District object (1362)	3		7	1
917	2025-08-21 16:56:17.485347+05:30	1361	District object (1361)	3		7	1
918	2025-08-21 16:56:17.496784+05:30	1360	District object (1360)	3		7	1
919	2025-08-21 16:56:17.508076+05:30	1359	District object (1359)	3		7	1
920	2025-08-21 16:56:17.519001+05:30	1358	District object (1358)	3		7	1
921	2025-08-21 16:56:17.530533+05:30	1357	District object (1357)	3		7	1
922	2025-08-21 16:56:17.541635+05:30	1356	District object (1356)	3		7	1
923	2025-08-21 16:56:17.552838+05:30	1355	District object (1355)	3		7	1
924	2025-08-21 16:56:17.564118+05:30	1354	District object (1354)	3		7	1
925	2025-08-21 16:56:17.575304+05:30	1353	District object (1353)	3		7	1
926	2025-08-21 16:56:17.586533+05:30	1352	District object (1352)	3		7	1
927	2025-08-21 16:56:17.597955+05:30	1351	District object (1351)	3		7	1
928	2025-08-21 16:56:17.609177+05:30	1350	District object (1350)	3		7	1
929	2025-08-21 16:56:17.620389+05:30	1349	District object (1349)	3		7	1
930	2025-08-21 16:56:17.63196+05:30	1348	District object (1348)	3		7	1
931	2025-08-21 16:56:17.6428+05:30	1347	District object (1347)	3		7	1
932	2025-08-21 16:56:17.653948+05:30	1346	District object (1346)	3		7	1
933	2025-08-21 16:56:17.665254+05:30	1345	District object (1345)	3		7	1
934	2025-08-21 16:56:17.676556+05:30	1344	District object (1344)	3		7	1
935	2025-08-21 16:56:17.687691+05:30	1343	District object (1343)	3		7	1
936	2025-08-21 16:56:17.699167+05:30	1342	District object (1342)	3		7	1
937	2025-08-21 16:56:17.710442+05:30	1341	District object (1341)	3		7	1
938	2025-08-21 16:56:17.721362+05:30	1340	District object (1340)	3		7	1
939	2025-08-21 16:56:17.732592+05:30	1339	District object (1339)	3		7	1
940	2025-08-21 16:56:17.832935+05:30	1338	District object (1338)	3		7	1
941	2025-08-21 16:56:17.843997+05:30	1337	District object (1337)	3		7	1
942	2025-08-21 16:56:17.854944+05:30	1336	District object (1336)	3		7	1
943	2025-08-21 16:56:17.86662+05:30	1335	District object (1335)	3		7	1
944	2025-08-21 16:56:17.877885+05:30	1334	District object (1334)	3		7	1
945	2025-08-21 16:56:17.88865+05:30	1333	District object (1333)	3		7	1
946	2025-08-21 16:56:17.900112+05:30	1332	District object (1332)	3		7	1
947	2025-08-21 16:56:17.911335+05:30	1331	District object (1331)	3		7	1
948	2025-08-21 16:56:17.922606+05:30	1330	District object (1330)	3		7	1
949	2025-08-21 16:56:17.935211+05:30	1329	District object (1329)	3		7	1
950	2025-08-21 16:56:17.946518+05:30	1328	District object (1328)	3		7	1
951	2025-08-21 16:56:17.957842+05:30	1327	District object (1327)	3		7	1
952	2025-08-21 16:56:17.968967+05:30	1326	District object (1326)	3		7	1
953	2025-08-21 16:56:17.980228+05:30	1325	District object (1325)	3		7	1
954	2025-08-21 16:56:17.991367+05:30	1324	District object (1324)	3		7	1
955	2025-08-21 16:56:18.002502+05:30	1323	District object (1323)	3		7	1
956	2025-08-21 16:56:18.013867+05:30	1322	District object (1322)	3		7	1
957	2025-08-21 16:56:18.025134+05:30	1321	District object (1321)	3		7	1
958	2025-08-21 16:56:18.03621+05:30	1320	District object (1320)	3		7	1
959	2025-08-21 16:56:18.047594+05:30	1319	District object (1319)	3		7	1
960	2025-08-21 16:56:18.058642+05:30	1318	District object (1318)	3		7	1
961	2025-08-21 16:56:18.070129+05:30	1317	District object (1317)	3		7	1
962	2025-08-21 16:56:18.09318+05:30	1316	District object (1316)	3		7	1
963	2025-08-21 16:56:18.115723+05:30	1315	District object (1315)	3		7	1
964	2025-08-21 16:56:18.13848+05:30	1314	District object (1314)	3		7	1
965	2025-08-21 16:56:18.161331+05:30	1313	District object (1313)	3		7	1
966	2025-08-21 16:56:18.183854+05:30	1312	District object (1312)	3		7	1
967	2025-08-21 16:56:18.206777+05:30	1311	District object (1311)	3		7	1
968	2025-08-21 16:56:18.21787+05:30	1310	District object (1310)	3		7	1
969	2025-08-21 16:56:18.228966+05:30	1309	District object (1309)	3		7	1
970	2025-08-21 16:56:18.240363+05:30	1308	District object (1308)	3		7	1
971	2025-08-21 16:56:18.251619+05:30	1307	District object (1307)	3		7	1
972	2025-08-21 16:56:18.262957+05:30	1306	District object (1306)	3		7	1
973	2025-08-21 16:56:18.273982+05:30	1305	District object (1305)	3		7	1
974	2025-08-21 16:56:18.285241+05:30	1304	District object (1304)	3		7	1
975	2025-08-21 16:56:18.296691+05:30	1303	District object (1303)	3		7	1
976	2025-08-21 16:56:18.307561+05:30	1302	District object (1302)	3		7	1
977	2025-08-21 16:56:18.318986+05:30	1301	District object (1301)	3		7	1
978	2025-08-21 16:56:18.330124+05:30	1300	District object (1300)	3		7	1
979	2025-08-21 16:56:18.341691+05:30	1299	District object (1299)	3		7	1
980	2025-08-21 16:56:18.352682+05:30	1298	District object (1298)	3		7	1
981	2025-08-21 16:56:18.364094+05:30	1297	District object (1297)	3		7	1
982	2025-08-21 16:56:18.375267+05:30	1296	District object (1296)	3		7	1
983	2025-08-21 16:56:18.386327+05:30	1295	District object (1295)	3		7	1
984	2025-08-21 16:56:18.397545+05:30	1294	District object (1294)	3		7	1
985	2025-08-21 16:56:18.408911+05:30	1293	District object (1293)	3		7	1
986	2025-08-21 16:56:18.420158+05:30	1292	District object (1292)	3		7	1
987	2025-08-21 16:56:18.431405+05:30	1291	District object (1291)	3		7	1
988	2025-08-21 16:56:18.442656+05:30	1290	District object (1290)	3		7	1
989	2025-08-21 16:56:18.453579+05:30	1289	District object (1289)	3		7	1
990	2025-08-21 16:56:18.465095+05:30	1288	District object (1288)	3		7	1
991	2025-08-21 16:56:18.476152+05:30	1287	District object (1287)	3		7	1
992	2025-08-21 16:56:18.487351+05:30	1286	District object (1286)	3		7	1
993	2025-08-21 16:56:18.498974+05:30	1285	District object (1285)	3		7	1
994	2025-08-21 16:56:18.509641+05:30	1284	District object (1284)	3		7	1
995	2025-08-21 16:56:18.521004+05:30	1283	District object (1283)	3		7	1
996	2025-08-21 16:56:18.532504+05:30	1282	District object (1282)	3		7	1
997	2025-08-21 16:56:18.543952+05:30	1281	District object (1281)	3		7	1
998	2025-08-21 16:56:18.554877+05:30	1280	District object (1280)	3		7	1
999	2025-08-21 16:56:18.566055+05:30	1279	District object (1279)	3		7	1
1000	2025-08-21 16:56:18.577432+05:30	1278	District object (1278)	3		7	1
1001	2025-08-21 16:56:18.588693+05:30	1277	District object (1277)	3		7	1
1002	2025-08-21 16:56:18.599741+05:30	1276	District object (1276)	3		7	1
1003	2025-08-21 16:56:18.611147+05:30	1275	District object (1275)	3		7	1
1004	2025-08-21 16:56:33.886449+05:30	1274	District object (1274)	3		7	1
1005	2025-08-21 16:56:33.989145+05:30	1273	District object (1273)	3		7	1
1006	2025-08-21 16:56:34.000322+05:30	1272	District object (1272)	3		7	1
1007	2025-08-21 16:56:34.011514+05:30	1271	District object (1271)	3		7	1
1008	2025-08-21 16:56:34.022654+05:30	1270	District object (1270)	3		7	1
1009	2025-08-21 16:56:34.033875+05:30	1269	District object (1269)	3		7	1
1010	2025-08-21 16:56:34.045325+05:30	1268	District object (1268)	3		7	1
1011	2025-08-21 16:56:34.056365+05:30	1267	District object (1267)	3		7	1
1012	2025-08-21 16:56:34.067464+05:30	1266	District object (1266)	3		7	1
1013	2025-08-21 16:56:34.078773+05:30	1265	District object (1265)	3		7	1
1014	2025-08-21 16:56:34.090116+05:30	1264	District object (1264)	3		7	1
1015	2025-08-21 16:56:34.10125+05:30	1263	District object (1263)	3		7	1
1016	2025-08-21 16:56:34.112468+05:30	1262	District object (1262)	3		7	1
1017	2025-08-21 16:56:34.123807+05:30	1261	District object (1261)	3		7	1
1018	2025-08-21 16:56:34.134858+05:30	1260	District object (1260)	3		7	1
1019	2025-08-21 16:56:34.14629+05:30	1259	District object (1259)	3		7	1
1020	2025-08-21 16:56:34.158015+05:30	1258	District object (1258)	3		7	1
1021	2025-08-21 16:56:34.16867+05:30	1257	District object (1257)	3		7	1
1022	2025-08-21 16:56:34.180344+05:30	1256	District object (1256)	3		7	1
1023	2025-08-21 16:56:34.191343+05:30	1255	District object (1255)	3		7	1
1024	2025-08-21 16:56:34.214882+05:30	1254	District object (1254)	3		7	1
1025	2025-08-21 16:56:34.226315+05:30	1253	District object (1253)	3		7	1
1026	2025-08-21 16:56:34.260153+05:30	1252	District object (1252)	3		7	1
1027	2025-08-21 16:56:34.282617+05:30	1251	District object (1251)	3		7	1
1028	2025-08-21 16:56:34.31952+05:30	1250	District object (1250)	3		7	1
1029	2025-08-21 16:56:34.342109+05:30	1249	District object (1249)	3		7	1
1030	2025-08-21 16:56:34.353237+05:30	1248	District object (1248)	3		7	1
1031	2025-08-21 16:56:34.36428+05:30	1247	District object (1247)	3		7	1
1032	2025-08-21 16:56:34.375589+05:30	1246	District object (1246)	3		7	1
1033	2025-08-21 16:56:34.386956+05:30	1245	District object (1245)	3		7	1
1034	2025-08-21 16:56:34.398133+05:30	1244	District object (1244)	3		7	1
1035	2025-08-21 16:56:34.409317+05:30	1243	District object (1243)	3		7	1
1036	2025-08-21 16:56:34.420505+05:30	1242	District object (1242)	3		7	1
1037	2025-08-21 16:56:34.431769+05:30	1241	District object (1241)	3		7	1
1038	2025-08-21 16:56:34.442867+05:30	1240	District object (1240)	3		7	1
1039	2025-08-21 16:56:34.454321+05:30	1239	District object (1239)	3		7	1
1040	2025-08-21 16:56:34.4654+05:30	1238	District object (1238)	3		7	1
1041	2025-08-21 16:56:34.476546+05:30	1237	District object (1237)	3		7	1
1042	2025-08-21 16:56:34.487908+05:30	1236	District object (1236)	3		7	1
1043	2025-08-21 16:56:34.499121+05:30	1235	District object (1235)	3		7	1
1044	2025-08-21 16:56:34.510068+05:30	1234	District object (1234)	3		7	1
1045	2025-08-21 16:56:34.52133+05:30	1233	District object (1233)	3		7	1
1046	2025-08-21 16:56:34.532967+05:30	1232	District object (1232)	3		7	1
1047	2025-08-21 16:56:34.54411+05:30	1231	District object (1231)	3		7	1
1048	2025-08-21 16:56:34.555402+05:30	1230	District object (1230)	3		7	1
1049	2025-08-21 16:56:34.566742+05:30	1229	District object (1229)	3		7	1
1050	2025-08-21 16:56:34.577809+05:30	1228	District object (1228)	3		7	1
1051	2025-08-21 16:56:34.589211+05:30	1227	District object (1227)	3		7	1
1052	2025-08-21 16:56:34.600325+05:30	1226	District object (1226)	3		7	1
1053	2025-08-21 16:56:34.611571+05:30	1225	District object (1225)	3		7	1
1054	2025-08-21 16:56:34.622768+05:30	1224	District object (1224)	3		7	1
1055	2025-08-21 16:56:34.63401+05:30	1223	District object (1223)	3		7	1
1056	2025-08-21 16:56:34.645328+05:30	1222	District object (1222)	3		7	1
1057	2025-08-21 16:56:34.656467+05:30	1221	District object (1221)	3		7	1
1058	2025-08-21 16:56:34.667727+05:30	1220	District object (1220)	3		7	1
1059	2025-08-21 16:56:34.678768+05:30	1219	District object (1219)	3		7	1
1060	2025-08-21 16:56:34.69001+05:30	1218	District object (1218)	3		7	1
1061	2025-08-21 16:56:34.701475+05:30	1217	District object (1217)	3		7	1
1062	2025-08-21 16:56:34.712664+05:30	1216	District object (1216)	3		7	1
1063	2025-08-21 16:56:34.723847+05:30	1215	District object (1215)	3		7	1
1064	2025-08-21 16:56:34.735012+05:30	1214	District object (1214)	3		7	1
1065	2025-08-21 16:56:34.746209+05:30	1213	District object (1213)	3		7	1
1066	2025-08-21 16:56:34.757657+05:30	1212	District object (1212)	3		7	1
1067	2025-08-21 16:56:34.76875+05:30	1211	District object (1211)	3		7	1
1068	2025-08-21 16:56:34.780011+05:30	1210	District object (1210)	3		7	1
1069	2025-08-21 16:56:34.802606+05:30	1209	District object (1209)	3		7	1
1070	2025-08-21 16:56:34.813766+05:30	1208	District object (1208)	3		7	1
1071	2025-08-21 16:56:34.824874+05:30	1207	District object (1207)	3		7	1
1072	2025-08-21 16:56:34.836087+05:30	1206	District object (1206)	3		7	1
1073	2025-08-21 16:56:34.847203+05:30	1205	District object (1205)	3		7	1
1074	2025-08-21 16:56:34.858505+05:30	1204	District object (1204)	3		7	1
1075	2025-08-21 16:56:34.870083+05:30	1203	District object (1203)	3		7	1
1076	2025-08-21 16:56:34.88081+05:30	1202	District object (1202)	3		7	1
1077	2025-08-21 16:56:34.892305+05:30	1201	District object (1201)	3		7	1
1078	2025-08-21 16:56:34.903657+05:30	1200	District object (1200)	3		7	1
1079	2025-08-21 16:56:34.914451+05:30	1199	District object (1199)	3		7	1
1080	2025-08-21 16:56:34.925639+05:30	1198	District object (1198)	3		7	1
1081	2025-08-21 16:56:34.936845+05:30	1197	District object (1197)	3		7	1
1082	2025-08-21 16:56:34.948466+05:30	1196	District object (1196)	3		7	1
1083	2025-08-21 16:56:34.959579+05:30	1195	District object (1195)	3		7	1
1084	2025-08-21 16:56:34.971123+05:30	1194	District object (1194)	3		7	1
1085	2025-08-21 16:56:34.982064+05:30	1193	District object (1193)	3		7	1
1086	2025-08-21 16:56:34.993322+05:30	1192	District object (1192)	3		7	1
1087	2025-08-21 16:56:35.004426+05:30	1191	District object (1191)	3		7	1
1088	2025-08-21 16:56:35.015794+05:30	1190	District object (1190)	3		7	1
1089	2025-08-21 16:56:35.026595+05:30	1189	District object (1189)	3		7	1
1090	2025-08-21 16:56:35.038171+05:30	1188	District object (1188)	3		7	1
1091	2025-08-21 16:56:35.049548+05:30	1187	District object (1187)	3		7	1
1092	2025-08-21 16:56:35.060738+05:30	1186	District object (1186)	3		7	1
1093	2025-08-21 16:56:35.072208+05:30	1185	District object (1185)	3		7	1
1094	2025-08-21 16:56:35.083236+05:30	1184	District object (1184)	3		7	1
1095	2025-08-21 16:56:35.094458+05:30	1183	District object (1183)	3		7	1
1096	2025-08-21 16:56:35.106125+05:30	1182	District object (1182)	3		7	1
1097	2025-08-21 16:56:35.116921+05:30	1181	District object (1181)	3		7	1
1098	2025-08-21 16:56:35.128314+05:30	1180	District object (1180)	3		7	1
1099	2025-08-21 16:56:35.13931+05:30	1179	District object (1179)	3		7	1
1100	2025-08-21 16:56:35.150173+05:30	1178	District object (1178)	3		7	1
1101	2025-08-21 16:56:35.161762+05:30	1177	District object (1177)	3		7	1
1102	2025-08-21 16:56:35.173089+05:30	1176	District object (1176)	3		7	1
1103	2025-08-21 16:56:35.184407+05:30	1175	District object (1175)	3		7	1
1104	2025-08-21 16:56:43.764188+05:30	1174	District object (1174)	3		7	1
1105	2025-08-21 16:56:43.779503+05:30	1173	District object (1173)	3		7	1
1106	2025-08-21 16:56:43.790172+05:30	1172	District object (1172)	3		7	1
1107	2025-08-21 16:56:43.801475+05:30	1171	District object (1171)	3		7	1
1108	2025-08-21 16:56:43.812944+05:30	1170	District object (1170)	3		7	1
1109	2025-08-21 16:56:43.824002+05:30	1169	District object (1169)	3		7	1
1110	2025-08-21 16:56:43.835278+05:30	1168	District object (1168)	3		7	1
1111	2025-08-21 16:56:43.846683+05:30	1167	District object (1167)	3		7	1
1112	2025-08-21 16:56:43.858486+05:30	1166	District object (1166)	3		7	1
1113	2025-08-21 16:56:43.881077+05:30	1165	District object (1165)	3		7	1
1114	2025-08-21 16:56:43.892236+05:30	1164	District object (1164)	3		7	1
1115	2025-08-21 16:56:43.903257+05:30	1163	District object (1163)	3		7	1
1116	2025-08-21 16:56:43.914495+05:30	1162	District object (1162)	3		7	1
1117	2025-08-21 16:56:43.925832+05:30	1161	District object (1161)	3		7	1
1118	2025-08-21 16:56:43.936988+05:30	1160	District object (1160)	3		7	1
1119	2025-08-21 16:56:43.948227+05:30	1159	District object (1159)	3		7	1
1120	2025-08-21 16:56:43.959521+05:30	1158	District object (1158)	3		7	1
1121	2025-08-21 16:56:43.970695+05:30	1157	District object (1157)	3		7	1
1122	2025-08-21 16:56:43.982242+05:30	1156	District object (1156)	3		7	1
1123	2025-08-21 16:56:43.99334+05:30	1155	District object (1155)	3		7	1
1124	2025-08-21 16:56:44.004374+05:30	1154	District object (1154)	3		7	1
1125	2025-08-21 16:56:44.015894+05:30	1153	District object (1153)	3		7	1
1126	2025-08-21 16:56:44.026852+05:30	1152	District object (1152)	3		7	1
1127	2025-08-21 16:56:44.038144+05:30	1151	District object (1151)	3		7	1
1128	2025-08-21 16:56:44.049273+05:30	1150	District object (1150)	3		7	1
1129	2025-08-21 16:56:44.060559+05:30	1149	District object (1149)	3		7	1
1130	2025-08-21 16:56:44.071792+05:30	1148	District object (1148)	3		7	1
1131	2025-08-21 16:56:44.083244+05:30	1147	District object (1147)	3		7	1
1132	2025-08-21 16:56:44.094425+05:30	1146	District object (1146)	3		7	1
1133	2025-08-21 16:56:44.105548+05:30	1145	District object (1145)	3		7	1
1134	2025-08-21 16:56:44.116596+05:30	1144	District object (1144)	3		7	1
1135	2025-08-21 16:56:44.127873+05:30	1143	District object (1143)	3		7	1
1136	2025-08-21 16:56:44.139025+05:30	1142	District object (1142)	3		7	1
1137	2025-08-21 16:56:44.15006+05:30	1141	District object (1141)	3		7	1
1138	2025-08-21 16:56:44.161958+05:30	1140	District object (1140)	3		7	1
1139	2025-08-21 16:56:44.172875+05:30	1139	District object (1139)	3		7	1
1140	2025-08-21 16:56:44.184013+05:30	1138	District object (1138)	3		7	1
1141	2025-08-21 16:56:44.195424+05:30	1137	District object (1137)	3		7	1
1142	2025-08-21 16:56:44.206567+05:30	1136	District object (1136)	3		7	1
1143	2025-08-21 16:56:44.217735+05:30	1135	District object (1135)	3		7	1
1144	2025-08-21 16:56:44.228897+05:30	1134	District object (1134)	3		7	1
1145	2025-08-21 16:56:44.240269+05:30	1133	District object (1133)	3		7	1
1146	2025-08-21 16:56:44.251437+05:30	1132	District object (1132)	3		7	1
1147	2025-08-21 16:56:44.262562+05:30	1131	District object (1131)	3		7	1
1148	2025-08-21 16:56:44.273879+05:30	1130	District object (1130)	3		7	1
1149	2025-08-21 16:56:44.284999+05:30	1129	District object (1129)	3		7	1
1150	2025-08-21 16:56:44.296665+05:30	1128	District object (1128)	3		7	1
1151	2025-08-21 16:56:44.307623+05:30	1127	District object (1127)	3		7	1
1152	2025-08-21 16:56:44.318703+05:30	1126	District object (1126)	3		7	1
1153	2025-08-21 16:56:44.329988+05:30	1125	District object (1125)	3		7	1
1154	2025-08-21 16:56:44.341338+05:30	1124	District object (1124)	3		7	1
1155	2025-08-21 16:56:44.352513+05:30	1123	District object (1123)	3		7	1
1156	2025-08-21 16:56:44.363701+05:30	1122	District object (1122)	3		7	1
1157	2025-08-21 16:56:44.375111+05:30	1121	District object (1121)	3		7	1
1158	2025-08-21 16:56:44.386098+05:30	1120	District object (1120)	3		7	1
1159	2025-08-21 16:56:44.397449+05:30	1119	District object (1119)	3		7	1
1160	2025-08-21 16:56:44.40863+05:30	1118	District object (1118)	3		7	1
1161	2025-08-21 16:56:44.419823+05:30	1117	District object (1117)	3		7	1
1162	2025-08-21 16:56:44.431173+05:30	1116	District object (1116)	3		7	1
1163	2025-08-21 16:56:44.442274+05:30	1115	District object (1115)	3		7	1
1164	2025-08-21 16:56:44.453619+05:30	1114	District object (1114)	3		7	1
1165	2025-08-21 16:56:44.465407+05:30	1113	District object (1113)	3		7	1
1166	2025-08-21 16:56:44.475881+05:30	1112	District object (1112)	3		7	1
1167	2025-08-21 16:56:44.486922+05:30	1111	District object (1111)	3		7	1
1168	2025-08-21 16:56:44.498194+05:30	1110	District object (1110)	3		7	1
1169	2025-08-21 16:56:44.509358+05:30	1109	District object (1109)	3		7	1
1170	2025-08-21 16:56:44.52075+05:30	1108	District object (1108)	3		7	1
1171	2025-08-21 16:56:44.532153+05:30	1107	District object (1107)	3		7	1
1172	2025-08-21 16:56:44.543521+05:30	1106	District object (1106)	3		7	1
1173	2025-08-21 16:56:44.55469+05:30	1105	District object (1105)	3		7	1
1174	2025-08-21 16:56:44.565944+05:30	1104	District object (1104)	3		7	1
1175	2025-08-21 16:56:44.577386+05:30	1103	District object (1103)	3		7	1
1176	2025-08-21 16:56:44.588481+05:30	1102	District object (1102)	3		7	1
1177	2025-08-21 16:56:44.599633+05:30	1101	District object (1101)	3		7	1
1178	2025-08-21 16:56:44.61094+05:30	1100	District object (1100)	3		7	1
1179	2025-08-21 16:56:44.623642+05:30	1099	District object (1099)	3		7	1
1180	2025-08-21 16:56:44.634882+05:30	1098	District object (1098)	3		7	1
1181	2025-08-21 16:56:44.646203+05:30	1097	District object (1097)	3		7	1
1182	2025-08-21 16:56:44.657312+05:30	1096	District object (1096)	3		7	1
1183	2025-08-21 16:56:44.6685+05:30	1095	District object (1095)	3		7	1
1184	2025-08-21 16:56:44.679782+05:30	1094	District object (1094)	3		7	1
1185	2025-08-21 16:56:44.691067+05:30	1093	District object (1093)	3		7	1
1186	2025-08-21 16:56:44.702332+05:30	1092	District object (1092)	3		7	1
1187	2025-08-21 16:56:44.7134+05:30	1091	District object (1091)	3		7	1
1188	2025-08-21 16:56:44.724653+05:30	1090	District object (1090)	3		7	1
1189	2025-08-21 16:56:44.735903+05:30	1089	District object (1089)	3		7	1
1190	2025-08-21 16:56:44.747224+05:30	1088	District object (1088)	3		7	1
1191	2025-08-21 16:56:44.758366+05:30	1087	District object (1087)	3		7	1
1192	2025-08-21 16:56:44.769466+05:30	1086	District object (1086)	3		7	1
1193	2025-08-21 16:56:44.780763+05:30	1085	District object (1085)	3		7	1
1194	2025-08-21 16:56:44.792051+05:30	1084	District object (1084)	3		7	1
1195	2025-08-21 16:56:44.803344+05:30	1083	District object (1083)	3		7	1
1196	2025-08-21 16:56:44.814521+05:30	1082	District object (1082)	3		7	1
1197	2025-08-21 16:56:44.825798+05:30	1081	District object (1081)	3		7	1
1198	2025-08-21 16:56:44.837124+05:30	1080	District object (1080)	3		7	1
1199	2025-08-21 16:56:44.848449+05:30	1079	District object (1079)	3		7	1
1200	2025-08-21 16:56:44.859763+05:30	1078	District object (1078)	3		7	1
1201	2025-08-21 16:56:44.870698+05:30	1077	District object (1077)	3		7	1
1202	2025-08-21 16:56:44.88176+05:30	1076	District object (1076)	3		7	1
1203	2025-08-21 16:56:44.893065+05:30	1075	District object (1075)	3		7	1
1204	2025-08-21 16:56:52.0408+05:30	1074	District object (1074)	3		7	1
1205	2025-08-21 16:56:52.101221+05:30	1073	District object (1073)	3		7	1
1206	2025-08-21 16:56:52.142494+05:30	1072	District object (1072)	3		7	1
1207	2025-08-21 16:56:52.153261+05:30	1071	District object (1071)	3		7	1
1208	2025-08-21 16:56:52.164492+05:30	1070	District object (1070)	3		7	1
1209	2025-08-21 16:56:52.176009+05:30	1069	District object (1069)	3		7	1
1210	2025-08-21 16:56:52.187062+05:30	1068	District object (1068)	3		7	1
1211	2025-08-21 16:56:52.198302+05:30	1067	District object (1067)	3		7	1
1212	2025-08-21 16:56:52.209666+05:30	1066	District object (1066)	3		7	1
1213	2025-08-21 16:56:52.220911+05:30	1065	District object (1065)	3		7	1
1214	2025-08-21 16:56:52.231965+05:30	1064	District object (1064)	3		7	1
1215	2025-08-21 16:56:52.243457+05:30	1063	District object (1063)	3		7	1
1216	2025-08-21 16:56:52.25462+05:30	1062	District object (1062)	3		7	1
1217	2025-08-21 16:56:52.265687+05:30	1061	District object (1061)	3		7	1
1218	2025-08-21 16:56:52.277143+05:30	1060	District object (1060)	3		7	1
1219	2025-08-21 16:56:52.288207+05:30	1059	District object (1059)	3		7	1
1220	2025-08-21 16:56:52.299309+05:30	1058	District object (1058)	3		7	1
1221	2025-08-21 16:56:52.310945+05:30	1057	District object (1057)	3		7	1
1222	2025-08-21 16:56:52.321839+05:30	1056	District object (1056)	3		7	1
1223	2025-08-21 16:56:52.332908+05:30	1055	District object (1055)	3		7	1
1224	2025-08-21 16:56:52.344311+05:30	1054	District object (1054)	3		7	1
1225	2025-08-21 16:56:52.355677+05:30	1053	District object (1053)	3		7	1
1226	2025-08-21 16:56:52.366729+05:30	1052	District object (1052)	3		7	1
1227	2025-08-21 16:56:52.377924+05:30	1051	District object (1051)	3		7	1
1228	2025-08-21 16:56:52.389303+05:30	1050	District object (1050)	3		7	1
1229	2025-08-21 16:56:52.400503+05:30	1049	District object (1049)	3		7	1
1230	2025-08-21 16:56:52.411805+05:30	1048	District object (1048)	3		7	1
1231	2025-08-21 16:56:52.423442+05:30	1047	District object (1047)	3		7	1
1232	2025-08-21 16:56:52.434237+05:30	1046	District object (1046)	3		7	1
1233	2025-08-21 16:56:52.445375+05:30	1045	District object (1045)	3		7	1
1234	2025-08-21 16:56:52.45659+05:30	1044	District object (1044)	3		7	1
1235	2025-08-21 16:56:52.467742+05:30	1043	District object (1043)	3		7	1
1236	2025-08-21 16:56:52.478778+05:30	1042	District object (1042)	3		7	1
1237	2025-08-21 16:56:52.490511+05:30	1041	District object (1041)	3		7	1
1238	2025-08-21 16:56:52.501449+05:30	1040	District object (1040)	3		7	1
1239	2025-08-21 16:56:52.512522+05:30	1039	District object (1039)	3		7	1
1240	2025-08-21 16:56:52.523871+05:30	1038	District object (1038)	3		7	1
1241	2025-08-21 16:56:52.535357+05:30	1037	District object (1037)	3		7	1
1242	2025-08-21 16:56:52.546389+05:30	1036	District object (1036)	3		7	1
1243	2025-08-21 16:56:52.557608+05:30	1035	District object (1035)	3		7	1
1244	2025-08-21 16:56:52.56899+05:30	1034	District object (1034)	3		7	1
1245	2025-08-21 16:56:52.580171+05:30	1033	District object (1033)	3		7	1
1246	2025-08-21 16:56:52.591474+05:30	1032	District object (1032)	3		7	1
1247	2025-08-21 16:56:52.606518+05:30	1031	District object (1031)	3		7	1
1248	2025-08-21 16:56:52.617464+05:30	1030	District object (1030)	3		7	1
1249	2025-08-21 16:56:52.628674+05:30	1029	District object (1029)	3		7	1
1250	2025-08-21 16:56:52.639925+05:30	1028	District object (1028)	3		7	1
1251	2025-08-21 16:56:52.651071+05:30	1027	District object (1027)	3		7	1
1252	2025-08-21 16:56:52.662328+05:30	1026	District object (1026)	3		7	1
1253	2025-08-21 16:56:52.673541+05:30	1025	District object (1025)	3		7	1
1254	2025-08-21 16:56:52.684753+05:30	1024	District object (1024)	3		7	1
1255	2025-08-21 16:56:52.695871+05:30	1023	District object (1023)	3		7	1
1256	2025-08-21 16:56:52.707294+05:30	1022	District object (1022)	3		7	1
1257	2025-08-21 16:56:52.718609+05:30	1021	District object (1021)	3		7	1
1258	2025-08-21 16:56:52.729646+05:30	1020	District object (1020)	3		7	1
1259	2025-08-21 16:56:52.741134+05:30	1019	District object (1019)	3		7	1
1260	2025-08-21 16:56:52.752116+05:30	1018	District object (1018)	3		7	1
1261	2025-08-21 16:56:52.763232+05:30	1017	District object (1017)	3		7	1
1262	2025-08-21 16:56:52.774445+05:30	1016	District object (1016)	3		7	1
1263	2025-08-21 16:56:52.785608+05:30	1015	District object (1015)	3		7	1
1264	2025-08-21 16:56:52.797002+05:30	1014	District object (1014)	3		7	1
1265	2025-08-21 16:56:52.808186+05:30	1013	District object (1013)	3		7	1
1266	2025-08-21 16:56:52.819493+05:30	1012	District object (1012)	3		7	1
1267	2025-08-21 16:56:52.830733+05:30	1011	District object (1011)	3		7	1
1268	2025-08-21 16:56:52.841929+05:30	1010	District object (1010)	3		7	1
1269	2025-08-21 16:56:52.853152+05:30	1009	District object (1009)	3		7	1
1270	2025-08-21 16:56:52.864452+05:30	1008	District object (1008)	3		7	1
1271	2025-08-21 16:56:52.875625+05:30	1007	District object (1007)	3		7	1
1272	2025-08-21 16:56:52.886839+05:30	1006	District object (1006)	3		7	1
1273	2025-08-21 16:56:52.897928+05:30	1005	District object (1005)	3		7	1
1274	2025-08-21 16:56:52.909554+05:30	1004	District object (1004)	3		7	1
1275	2025-08-21 16:56:52.92019+05:30	1003	District object (1003)	3		7	1
1276	2025-08-21 16:56:52.931546+05:30	1002	District object (1002)	3		7	1
1277	2025-08-21 16:56:52.942724+05:30	1001	District object (1001)	3		7	1
1278	2025-08-21 16:56:52.954261+05:30	1000	District object (1000)	3		7	1
1279	2025-08-21 16:56:52.965519+05:30	999	District object (999)	3		7	1
1280	2025-08-21 16:56:52.976709+05:30	998	District object (998)	3		7	1
1281	2025-08-21 16:56:52.987995+05:30	997	District object (997)	3		7	1
1282	2025-08-21 16:56:52.999019+05:30	996	District object (996)	3		7	1
1283	2025-08-21 16:56:53.010362+05:30	995	District object (995)	3		7	1
1284	2025-08-21 16:56:53.021618+05:30	994	District object (994)	3		7	1
1285	2025-08-21 16:56:53.032953+05:30	993	District object (993)	3		7	1
1286	2025-08-21 16:56:53.044167+05:30	992	District object (992)	3		7	1
1287	2025-08-21 16:56:53.055594+05:30	991	District object (991)	3		7	1
1288	2025-08-21 16:56:53.06677+05:30	990	District object (990)	3		7	1
1289	2025-08-21 16:56:53.077885+05:30	989	District object (989)	3		7	1
1290	2025-08-21 16:56:53.088884+05:30	988	District object (988)	3		7	1
1291	2025-08-21 16:56:53.100405+05:30	987	District object (987)	3		7	1
1292	2025-08-21 16:56:53.111547+05:30	986	District object (986)	3		7	1
1293	2025-08-21 16:56:53.122811+05:30	985	District object (985)	3		7	1
1294	2025-08-21 16:56:53.133786+05:30	984	District object (984)	3		7	1
1295	2025-08-21 16:56:53.144741+05:30	983	District object (983)	3		7	1
1296	2025-08-21 16:56:53.156395+05:30	982	District object (982)	3		7	1
1297	2025-08-21 16:56:53.16753+05:30	981	District object (981)	3		7	1
1298	2025-08-21 16:56:53.178771+05:30	980	District object (980)	3		7	1
1299	2025-08-21 16:56:53.190482+05:30	979	District object (979)	3		7	1
1300	2025-08-21 16:56:53.201384+05:30	978	District object (978)	3		7	1
1301	2025-08-21 16:56:53.212658+05:30	977	District object (977)	3		7	1
1302	2025-08-21 16:56:53.224157+05:30	976	District object (976)	3		7	1
1303	2025-08-21 16:56:53.235072+05:30	975	District object (975)	3		7	1
1304	2025-08-21 16:56:59.70228+05:30	974	District object (974)	3		7	1
1305	2025-08-21 16:56:59.811598+05:30	973	District object (973)	3		7	1
1306	2025-08-21 16:56:59.822651+05:30	972	District object (972)	3		7	1
1307	2025-08-21 16:56:59.833869+05:30	971	District object (971)	3		7	1
1308	2025-08-21 16:56:59.845112+05:30	970	District object (970)	3		7	1
1309	2025-08-21 16:56:59.85646+05:30	969	District object (969)	3		7	1
1310	2025-08-21 16:56:59.867475+05:30	968	District object (968)	3		7	1
1311	2025-08-21 16:56:59.878664+05:30	967	District object (967)	3		7	1
1312	2025-08-21 16:56:59.890077+05:30	966	District object (966)	3		7	1
1313	2025-08-21 16:56:59.901343+05:30	965	District object (965)	3		7	1
1314	2025-08-21 16:56:59.912388+05:30	964	District object (964)	3		7	1
1315	2025-08-21 16:56:59.924011+05:30	963	District object (963)	3		7	1
1316	2025-08-21 16:56:59.935068+05:30	962	District object (962)	3		7	1
1317	2025-08-21 16:56:59.946198+05:30	961	District object (961)	3		7	1
1318	2025-08-21 16:56:59.957474+05:30	960	District object (960)	3		7	1
1319	2025-08-21 16:56:59.968792+05:30	959	District object (959)	3		7	1
1320	2025-08-21 16:56:59.979865+05:30	958	District object (958)	3		7	1
1321	2025-08-21 16:56:59.991226+05:30	957	District object (957)	3		7	1
1322	2025-08-21 16:57:00.002309+05:30	956	District object (956)	3		7	1
1323	2025-08-21 16:57:00.013705+05:30	955	District object (955)	3		7	1
1324	2025-08-21 16:57:00.024585+05:30	954	District object (954)	3		7	1
1325	2025-08-21 16:57:00.036058+05:30	953	District object (953)	3		7	1
1326	2025-08-21 16:57:00.04728+05:30	952	District object (952)	3		7	1
1327	2025-08-21 16:57:00.058503+05:30	951	District object (951)	3		7	1
1328	2025-08-21 16:57:00.069994+05:30	950	District object (950)	3		7	1
1329	2025-08-21 16:57:00.080912+05:30	949	District object (949)	3		7	1
1330	2025-08-21 16:57:00.092238+05:30	948	District object (948)	3		7	1
1331	2025-08-21 16:57:00.103499+05:30	947	District object (947)	3		7	1
1332	2025-08-21 16:57:00.114716+05:30	946	District object (946)	3		7	1
1333	2025-08-21 16:57:00.125845+05:30	945	District object (945)	3		7	1
1334	2025-08-21 16:57:00.13675+05:30	944	District object (944)	3		7	1
1335	2025-08-21 16:57:00.148092+05:30	943	District object (943)	3		7	1
1336	2025-08-21 16:57:00.159566+05:30	942	District object (942)	3		7	1
1337	2025-08-21 16:57:00.171217+05:30	941	District object (941)	3		7	1
1338	2025-08-21 16:57:00.182063+05:30	940	District object (940)	3		7	1
1339	2025-08-21 16:57:00.193262+05:30	939	District object (939)	3		7	1
1340	2025-08-21 16:57:00.204348+05:30	938	District object (938)	3		7	1
1341	2025-08-21 16:57:00.215559+05:30	937	District object (937)	3		7	1
1342	2025-08-21 16:57:00.226871+05:30	936	District object (936)	3		7	1
1343	2025-08-21 16:57:00.238064+05:30	935	District object (935)	3		7	1
1344	2025-08-21 16:57:00.249378+05:30	934	District object (934)	3		7	1
1345	2025-08-21 16:57:00.260595+05:30	933	District object (933)	3		7	1
1346	2025-08-21 16:57:00.414546+05:30	932	District object (932)	3		7	1
1347	2025-08-21 16:57:00.485685+05:30	931	District object (931)	3		7	1
1348	2025-08-21 16:57:00.499894+05:30	930	District object (930)	3		7	1
1349	2025-08-21 16:57:00.51088+05:30	929	District object (929)	3		7	1
1350	2025-08-21 16:57:00.522299+05:30	928	District object (928)	3		7	1
1351	2025-08-21 16:57:00.533954+05:30	927	District object (927)	3		7	1
1352	2025-08-21 16:57:00.545218+05:30	926	District object (926)	3		7	1
1353	2025-08-21 16:57:00.556262+05:30	925	District object (925)	3		7	1
1354	2025-08-21 16:57:00.567996+05:30	924	District object (924)	3		7	1
1355	2025-08-21 16:57:00.578779+05:30	923	District object (923)	3		7	1
1356	2025-08-21 16:57:00.589916+05:30	922	District object (922)	3		7	1
1357	2025-08-21 16:57:00.601801+05:30	921	District object (921)	3		7	1
1358	2025-08-21 16:57:00.612504+05:30	920	District object (920)	3		7	1
1359	2025-08-21 16:57:00.623593+05:30	919	District object (919)	3		7	1
1360	2025-08-21 16:57:00.634985+05:30	918	District object (918)	3		7	1
1361	2025-08-21 16:57:00.646359+05:30	917	District object (917)	3		7	1
1362	2025-08-21 16:57:00.657215+05:30	916	District object (916)	3		7	1
1363	2025-08-21 16:57:00.668571+05:30	915	District object (915)	3		7	1
1364	2025-08-21 16:57:00.679806+05:30	914	District object (914)	3		7	1
1365	2025-08-21 16:57:00.690997+05:30	913	District object (913)	3		7	1
1366	2025-08-21 16:57:00.702619+05:30	912	District object (912)	3		7	1
1367	2025-08-21 16:57:00.713511+05:30	911	District object (911)	3		7	1
1368	2025-08-21 16:57:00.7247+05:30	910	District object (910)	3		7	1
1369	2025-08-21 16:57:00.736466+05:30	909	District object (909)	3		7	1
1370	2025-08-21 16:57:00.747247+05:30	908	District object (908)	3		7	1
1371	2025-08-21 16:57:00.758622+05:30	907	District object (907)	3		7	1
1372	2025-08-21 16:57:00.769599+05:30	906	District object (906)	3		7	1
1373	2025-08-21 16:57:00.781005+05:30	905	District object (905)	3		7	1
1374	2025-08-21 16:57:00.79195+05:30	904	District object (904)	3		7	1
1375	2025-08-21 16:57:00.803436+05:30	903	District object (903)	3		7	1
1376	2025-08-21 16:57:00.814682+05:30	902	District object (902)	3		7	1
1377	2025-08-21 16:57:00.825697+05:30	901	District object (901)	3		7	1
1378	2025-08-21 16:57:00.83696+05:30	900	District object (900)	3		7	1
1379	2025-08-21 16:57:00.848265+05:30	899	District object (899)	3		7	1
1380	2025-08-21 16:57:00.859671+05:30	898	District object (898)	3		7	1
1381	2025-08-21 16:57:00.87081+05:30	897	District object (897)	3		7	1
1382	2025-08-21 16:57:00.881939+05:30	896	District object (896)	3		7	1
1383	2025-08-21 16:57:00.893199+05:30	895	District object (895)	3		7	1
1384	2025-08-21 16:57:00.904573+05:30	894	District object (894)	3		7	1
1385	2025-08-21 16:57:00.915498+05:30	893	District object (893)	3		7	1
1386	2025-08-21 16:57:00.926922+05:30	892	District object (892)	3		7	1
1387	2025-08-21 16:57:00.937938+05:30	891	District object (891)	3		7	1
1388	2025-08-21 16:57:00.949327+05:30	890	District object (890)	3		7	1
1389	2025-08-21 16:57:00.960354+05:30	889	District object (889)	3		7	1
1390	2025-08-21 16:57:00.971706+05:30	888	District object (888)	3		7	1
1391	2025-08-21 16:57:00.983802+05:30	887	District object (887)	3		7	1
1392	2025-08-21 16:57:00.994286+05:30	886	District object (886)	3		7	1
1393	2025-08-21 16:57:01.005549+05:30	885	District object (885)	3		7	1
1394	2025-08-21 16:57:01.016779+05:30	884	District object (884)	3		7	1
1395	2025-08-21 16:57:01.028022+05:30	883	District object (883)	3		7	1
1396	2025-08-21 16:57:01.038987+05:30	882	District object (882)	3		7	1
1397	2025-08-21 16:57:01.05048+05:30	881	District object (881)	3		7	1
1398	2025-08-21 16:57:01.061697+05:30	880	District object (880)	3		7	1
1399	2025-08-21 16:57:01.072764+05:30	879	District object (879)	3		7	1
1400	2025-08-21 16:57:01.084327+05:30	878	District object (878)	3		7	1
1401	2025-08-21 16:57:01.095308+05:30	877	District object (877)	3		7	1
1402	2025-08-21 16:57:01.106615+05:30	876	District object (876)	3		7	1
1403	2025-08-21 16:57:01.117957+05:30	875	District object (875)	3		7	1
1404	2025-08-21 16:57:06.748776+05:30	874	District object (874)	3		7	1
1405	2025-08-21 16:57:06.758125+05:30	873	District object (873)	3		7	1
1406	2025-08-21 16:57:06.769527+05:30	872	District object (872)	3		7	1
1407	2025-08-21 16:57:06.78088+05:30	871	District object (871)	3		7	1
1408	2025-08-21 16:57:06.791982+05:30	870	District object (870)	3		7	1
1409	2025-08-21 16:57:06.803257+05:30	869	District object (869)	3		7	1
1410	2025-08-21 16:57:06.814554+05:30	868	District object (868)	3		7	1
1411	2025-08-21 16:57:06.825786+05:30	867	District object (867)	3		7	1
1412	2025-08-21 16:57:06.837147+05:30	866	District object (866)	3		7	1
1413	2025-08-21 16:57:06.848302+05:30	865	District object (865)	3		7	1
1414	2025-08-21 16:57:06.859486+05:30	864	District object (864)	3		7	1
1415	2025-08-21 16:57:06.870734+05:30	863	District object (863)	3		7	1
1416	2025-08-21 16:57:06.881814+05:30	862	District object (862)	3		7	1
1417	2025-08-21 16:57:06.893085+05:30	861	District object (861)	3		7	1
1418	2025-08-21 16:57:06.904331+05:30	860	District object (860)	3		7	1
1419	2025-08-21 16:57:06.915625+05:30	859	District object (859)	3		7	1
1420	2025-08-21 16:57:06.926665+05:30	858	District object (858)	3		7	1
1421	2025-08-21 16:57:06.938314+05:30	857	District object (857)	3		7	1
1422	2025-08-21 16:57:06.949315+05:30	856	District object (856)	3		7	1
1423	2025-08-21 16:57:06.960759+05:30	855	District object (855)	3		7	1
1424	2025-08-21 16:57:06.972085+05:30	854	District object (854)	3		7	1
1425	2025-08-21 16:57:06.983313+05:30	853	District object (853)	3		7	1
1426	2025-08-21 16:57:06.994192+05:30	852	District object (852)	3		7	1
1427	2025-08-21 16:57:07.005623+05:30	851	District object (851)	3		7	1
1428	2025-08-21 16:57:07.016983+05:30	850	District object (850)	3		7	1
1429	2025-08-21 16:57:07.027831+05:30	849	District object (849)	3		7	1
1430	2025-08-21 16:57:07.039309+05:30	848	District object (848)	3		7	1
1431	2025-08-21 16:57:07.051+05:30	847	District object (847)	3		7	1
1432	2025-08-21 16:57:07.061833+05:30	846	District object (846)	3		7	1
1433	2025-08-21 16:57:07.072913+05:30	845	District object (845)	3		7	1
1434	2025-08-21 16:57:07.084446+05:30	844	District object (844)	3		7	1
1435	2025-08-21 16:57:07.095566+05:30	843	District object (843)	3		7	1
1436	2025-08-21 16:57:07.106673+05:30	842	District object (842)	3		7	1
1437	2025-08-21 16:57:07.117951+05:30	841	District object (841)	3		7	1
1438	2025-08-21 16:57:07.129011+05:30	840	District object (840)	3		7	1
1439	2025-08-21 16:57:07.140063+05:30	839	District object (839)	3		7	1
1440	2025-08-21 16:57:07.151075+05:30	838	District object (838)	3		7	1
1441	2025-08-21 16:57:07.162667+05:30	837	District object (837)	3		7	1
1442	2025-08-21 16:57:07.173988+05:30	836	District object (836)	3		7	1
1443	2025-08-21 16:57:07.185153+05:30	835	District object (835)	3		7	1
1444	2025-08-21 16:57:07.196465+05:30	834	District object (834)	3		7	1
1445	2025-08-21 16:57:07.207555+05:30	833	District object (833)	3		7	1
1446	2025-08-21 16:57:07.21919+05:30	832	District object (832)	3		7	1
1447	2025-08-21 16:57:07.230206+05:30	831	District object (831)	3		7	1
1448	2025-08-21 16:57:07.241266+05:30	830	District object (830)	3		7	1
1449	2025-08-21 16:57:07.252554+05:30	829	District object (829)	3		7	1
1450	2025-08-21 16:57:07.263823+05:30	828	District object (828)	3		7	1
1451	2025-08-21 16:57:07.274968+05:30	827	District object (827)	3		7	1
1452	2025-08-21 16:57:07.286333+05:30	826	District object (826)	3		7	1
1453	2025-08-21 16:57:07.297286+05:30	825	District object (825)	3		7	1
1454	2025-08-21 16:57:07.308641+05:30	824	District object (824)	3		7	1
1455	2025-08-21 16:57:07.319844+05:30	823	District object (823)	3		7	1
1456	2025-08-21 16:57:07.331205+05:30	822	District object (822)	3		7	1
1457	2025-08-21 16:57:07.342497+05:30	821	District object (821)	3		7	1
1458	2025-08-21 16:57:07.353678+05:30	820	District object (820)	3		7	1
1459	2025-08-21 16:57:07.364915+05:30	819	District object (819)	3		7	1
1460	2025-08-21 16:57:07.376084+05:30	818	District object (818)	3		7	1
1461	2025-08-21 16:57:07.387339+05:30	817	District object (817)	3		7	1
1462	2025-08-21 16:57:07.398905+05:30	816	District object (816)	3		7	1
1463	2025-08-21 16:57:07.409838+05:30	815	District object (815)	3		7	1
1464	2025-08-21 16:57:07.420936+05:30	814	District object (814)	3		7	1
1465	2025-08-21 16:57:07.432342+05:30	813	District object (813)	3		7	1
1466	2025-08-21 16:57:07.48367+05:30	812	District object (812)	3		7	1
1467	2025-08-21 16:57:07.531152+05:30	811	District object (811)	3		7	1
1468	2025-08-21 16:57:07.554997+05:30	810	District object (810)	3		7	1
1469	2025-08-21 16:57:07.590436+05:30	809	District object (809)	3		7	1
1470	2025-08-21 16:57:07.601471+05:30	808	District object (808)	3		7	1
1471	2025-08-21 16:57:07.612744+05:30	807	District object (807)	3		7	1
1472	2025-08-21 16:57:07.623962+05:30	806	District object (806)	3		7	1
1473	2025-08-21 16:57:07.635217+05:30	805	District object (805)	3		7	1
1474	2025-08-21 16:57:07.646401+05:30	804	District object (804)	3		7	1
1475	2025-08-21 16:57:07.657579+05:30	803	District object (803)	3		7	1
1476	2025-08-21 16:57:07.670367+05:30	802	District object (802)	3		7	1
1477	2025-08-21 16:57:07.681772+05:30	801	District object (801)	3		7	1
1478	2025-08-21 16:57:07.692853+05:30	800	District object (800)	3		7	1
1479	2025-08-21 16:57:07.703849+05:30	799	District object (799)	3		7	1
1480	2025-08-21 16:57:07.715404+05:30	798	District object (798)	3		7	1
1481	2025-08-21 16:57:07.726418+05:30	797	District object (797)	3		7	1
1482	2025-08-21 16:57:07.737744+05:30	796	District object (796)	3		7	1
1483	2025-08-21 16:57:07.749435+05:30	795	District object (795)	3		7	1
1484	2025-08-21 16:57:07.760198+05:30	794	District object (794)	3		7	1
1485	2025-08-21 16:57:07.771443+05:30	793	District object (793)	3		7	1
1486	2025-08-21 16:57:07.782657+05:30	792	District object (792)	3		7	1
1487	2025-08-21 16:57:07.793896+05:30	791	District object (791)	3		7	1
1488	2025-08-21 16:57:07.805368+05:30	790	District object (790)	3		7	1
1489	2025-08-21 16:57:07.816498+05:30	789	District object (789)	3		7	1
1490	2025-08-21 16:57:07.827698+05:30	788	District object (788)	3		7	1
1491	2025-08-21 16:57:07.83896+05:30	787	District object (787)	3		7	1
1492	2025-08-21 16:57:07.849937+05:30	786	District object (786)	3		7	1
1493	2025-08-21 16:57:07.86131+05:30	785	District object (785)	3		7	1
1494	2025-08-21 16:57:07.872666+05:30	784	District object (784)	3		7	1
1495	2025-08-21 16:57:07.883964+05:30	783	District object (783)	3		7	1
1496	2025-08-21 16:57:07.894862+05:30	782	District object (782)	3		7	1
1497	2025-08-21 16:57:07.90621+05:30	781	District object (781)	3		7	1
1498	2025-08-21 16:57:07.917455+05:30	780	District object (780)	3		7	1
1499	2025-08-21 16:57:07.928696+05:30	779	District object (779)	3		7	1
1500	2025-08-21 16:57:07.939799+05:30	778	District object (778)	3		7	1
1501	2025-08-21 16:57:07.951281+05:30	777	District object (777)	3		7	1
1502	2025-08-21 16:57:07.962359+05:30	776	District object (776)	3		7	1
1503	2025-08-21 16:57:07.973541+05:30	775	District object (775)	3		7	1
1504	2025-08-21 16:57:14.518607+05:30	774	District object (774)	3		7	1
1505	2025-08-21 16:57:14.534845+05:30	773	District object (773)	3		7	1
1506	2025-08-21 16:57:14.545514+05:30	772	District object (772)	3		7	1
1507	2025-08-21 16:57:14.568583+05:30	771	District object (771)	3		7	1
1508	2025-08-21 16:57:14.579444+05:30	770	District object (770)	3		7	1
1509	2025-08-21 16:57:14.590654+05:30	769	District object (769)	3		7	1
1510	2025-08-21 16:57:14.601811+05:30	768	District object (768)	3		7	1
1511	2025-08-21 16:57:14.61318+05:30	767	District object (767)	3		7	1
1512	2025-08-21 16:57:14.62426+05:30	766	District object (766)	3		7	1
1513	2025-08-21 16:57:14.6359+05:30	765	District object (765)	3		7	1
1514	2025-08-21 16:57:14.646902+05:30	764	District object (764)	3		7	1
1515	2025-08-21 16:57:14.657906+05:30	763	District object (763)	3		7	1
1516	2025-08-21 16:57:14.669327+05:30	762	District object (762)	3		7	1
1517	2025-08-21 16:57:14.680443+05:30	761	District object (761)	3		7	1
1518	2025-08-21 16:57:14.691563+05:30	760	District object (760)	3		7	1
1519	2025-08-21 16:57:14.703335+05:30	759	District object (759)	3		7	1
1520	2025-08-21 16:59:09.403239+05:30	70	State object (70)	3		8	1
1521	2025-08-21 16:59:09.412315+05:30	69	State object (69)	3		8	1
1522	2025-08-21 16:59:09.423337+05:30	68	State object (68)	3		8	1
1523	2025-08-21 16:59:09.434587+05:30	67	State object (67)	3		8	1
1524	2025-08-21 16:59:09.445822+05:30	66	State object (66)	3		8	1
1525	2025-08-21 16:59:09.457182+05:30	65	State object (65)	3		8	1
1526	2025-08-21 16:59:09.468362+05:30	64	State object (64)	3		8	1
1527	2025-08-21 16:59:09.479527+05:30	63	State object (63)	3		8	1
1528	2025-08-21 16:59:09.490786+05:30	62	State object (62)	3		8	1
1529	2025-08-21 16:59:09.501895+05:30	61	State object (61)	3		8	1
1530	2025-08-21 16:59:09.512936+05:30	60	State object (60)	3		8	1
1531	2025-08-21 16:59:09.524468+05:30	59	State object (59)	3		8	1
1532	2025-08-21 16:59:09.535689+05:30	58	State object (58)	3		8	1
1533	2025-08-21 16:59:09.546643+05:30	57	State object (57)	3		8	1
1534	2025-08-21 16:59:09.558092+05:30	56	State object (56)	3		8	1
1535	2025-08-21 16:59:09.569355+05:30	55	State object (55)	3		8	1
1536	2025-08-21 16:59:09.580653+05:30	54	State object (54)	3		8	1
1537	2025-08-21 16:59:09.591891+05:30	53	State object (53)	3		8	1
1538	2025-08-21 16:59:09.603015+05:30	52	State object (52)	3		8	1
1539	2025-08-21 16:59:09.614272+05:30	51	State object (51)	3		8	1
1540	2025-08-21 16:59:09.625529+05:30	50	State object (50)	3		8	1
1541	2025-08-21 16:59:09.636765+05:30	49	State object (49)	3		8	1
1542	2025-08-21 16:59:09.64795+05:30	48	State object (48)	3		8	1
1543	2025-08-21 16:59:09.659191+05:30	47	State object (47)	3		8	1
1544	2025-08-21 16:59:09.670505+05:30	46	State object (46)	3		8	1
1545	2025-08-21 16:59:09.681835+05:30	45	State object (45)	3		8	1
1546	2025-08-21 16:59:09.692954+05:30	44	State object (44)	3		8	1
1547	2025-08-21 16:59:09.704218+05:30	43	State object (43)	3		8	1
1548	2025-08-21 16:59:09.715372+05:30	42	State object (42)	3		8	1
1549	2025-08-21 16:59:09.726567+05:30	41	State object (41)	3		8	1
1550	2025-08-21 16:59:09.737691+05:30	40	State object (40)	3		8	1
1551	2025-08-21 16:59:09.748956+05:30	39	State object (39)	3		8	1
1552	2025-08-21 16:59:09.760292+05:30	38	State object (38)	3		8	1
1553	2025-08-21 16:59:09.771502+05:30	37	State object (37)	3		8	1
1554	2025-08-21 16:59:09.793884+05:30	36	State object (36)	3		8	1
1555	2025-08-21 17:03:34.672504+05:30	74	State object (74)	1	new through import_export	8	1
1556	2025-08-21 17:03:34.683979+05:30	75	State object (75)	1	new through import_export	8	1
1557	2025-08-21 17:03:34.695448+05:30	76	State object (76)	1	new through import_export	8	1
1558	2025-08-21 17:03:34.706825+05:30	77	State object (77)	1	new through import_export	8	1
1559	2025-08-21 17:03:34.717951+05:30	78	State object (78)	1	new through import_export	8	1
1560	2025-08-21 17:03:34.729235+05:30	79	State object (79)	1	new through import_export	8	1
1561	2025-08-21 17:03:34.74072+05:30	80	State object (80)	1	new through import_export	8	1
1562	2025-08-21 17:03:34.751704+05:30	81	State object (81)	1	new through import_export	8	1
1563	2025-08-21 17:03:34.76291+05:30	82	State object (82)	1	new through import_export	8	1
1564	2025-08-21 17:03:34.77425+05:30	83	State object (83)	1	new through import_export	8	1
1565	2025-08-21 17:03:34.785293+05:30	84	State object (84)	1	new through import_export	8	1
1566	2025-08-21 17:03:34.796468+05:30	85	State object (85)	1	new through import_export	8	1
1567	2025-08-21 17:03:34.807999+05:30	86	State object (86)	1	new through import_export	8	1
1568	2025-08-21 17:03:34.819275+05:30	87	State object (87)	1	new through import_export	8	1
1569	2025-08-21 17:03:34.830323+05:30	88	State object (88)	1	new through import_export	8	1
1570	2025-08-21 17:03:34.841755+05:30	89	State object (89)	1	new through import_export	8	1
1571	2025-08-21 17:03:34.853288+05:30	90	State object (90)	1	new through import_export	8	1
1572	2025-08-21 17:03:34.864009+05:30	91	State object (91)	1	new through import_export	8	1
1573	2025-08-21 17:03:34.875202+05:30	92	State object (92)	1	new through import_export	8	1
1574	2025-08-21 17:03:34.886657+05:30	93	State object (93)	1	new through import_export	8	1
1575	2025-08-21 17:03:34.897715+05:30	94	State object (94)	1	new through import_export	8	1
1576	2025-08-21 17:03:34.908849+05:30	95	State object (95)	1	new through import_export	8	1
1577	2025-08-21 17:03:34.920008+05:30	96	State object (96)	1	new through import_export	8	1
1578	2025-08-21 17:03:34.93096+05:30	97	State object (97)	1	new through import_export	8	1
1579	2025-08-21 17:03:34.942341+05:30	98	State object (98)	1	new through import_export	8	1
1580	2025-08-21 17:03:34.953889+05:30	99	State object (99)	1	new through import_export	8	1
1581	2025-08-21 17:03:34.965176+05:30	100	State object (100)	1	new through import_export	8	1
1582	2025-08-21 17:03:34.976304+05:30	101	State object (101)	1	new through import_export	8	1
1583	2025-08-21 17:03:34.9878+05:30	102	State object (102)	1	new through import_export	8	1
1584	2025-08-21 17:03:34.998779+05:30	103	State object (103)	1	new through import_export	8	1
1585	2025-08-21 17:03:35.009927+05:30	104	State object (104)	1	new through import_export	8	1
1586	2025-08-21 17:03:35.021597+05:30	105	State object (105)	1	new through import_export	8	1
1587	2025-08-21 17:03:35.03255+05:30	106	State object (106)	1	new through import_export	8	1
1588	2025-08-21 17:03:35.043592+05:30	107	State object (107)	1	new through import_export	8	1
1589	2025-08-21 17:03:35.055141+05:30	108	State object (108)	1	new through import_export	8	1
1590	2025-08-21 17:03:35.066302+05:30	109	State object (109)	1	new through import_export	8	1
1591	2025-08-21 17:08:02.164634+05:30	2182	District object (2182)	1	new through import_export	7	1
1592	2025-08-21 17:08:02.17582+05:30	2183	District object (2183)	1	new through import_export	7	1
1593	2025-08-21 17:08:02.187073+05:30	2184	District object (2184)	1	new through import_export	7	1
1594	2025-08-21 17:08:02.19863+05:30	2185	District object (2185)	1	new through import_export	7	1
1595	2025-08-21 17:08:02.209857+05:30	2186	District object (2186)	1	new through import_export	7	1
1596	2025-08-21 17:08:02.221195+05:30	2187	District object (2187)	1	new through import_export	7	1
1597	2025-08-21 17:08:02.232328+05:30	2188	District object (2188)	1	new through import_export	7	1
1598	2025-08-21 17:08:02.24395+05:30	2189	District object (2189)	1	new through import_export	7	1
1599	2025-08-21 17:08:02.254829+05:30	2190	District object (2190)	1	new through import_export	7	1
1600	2025-08-21 17:08:02.266153+05:30	2191	District object (2191)	1	new through import_export	7	1
1601	2025-08-21 17:08:02.277471+05:30	2192	District object (2192)	1	new through import_export	7	1
1602	2025-08-21 17:08:02.288543+05:30	2193	District object (2193)	1	new through import_export	7	1
1603	2025-08-21 17:08:02.299735+05:30	2194	District object (2194)	1	new through import_export	7	1
1604	2025-08-21 17:08:02.311097+05:30	2195	District object (2195)	1	new through import_export	7	1
1605	2025-08-21 17:08:02.322255+05:30	2196	District object (2196)	1	new through import_export	7	1
1606	2025-08-21 17:08:02.33345+05:30	2197	District object (2197)	1	new through import_export	7	1
1607	2025-08-21 17:08:02.34445+05:30	2198	District object (2198)	1	new through import_export	7	1
1608	2025-08-21 17:08:02.355901+05:30	2199	District object (2199)	1	new through import_export	7	1
1609	2025-08-21 17:08:02.367074+05:30	2200	District object (2200)	1	new through import_export	7	1
1610	2025-08-21 17:08:02.378341+05:30	2201	District object (2201)	1	new through import_export	7	1
1611	2025-08-21 17:08:02.389626+05:30	2202	District object (2202)	1	new through import_export	7	1
1612	2025-08-21 17:08:02.400821+05:30	2203	District object (2203)	1	new through import_export	7	1
1613	2025-08-21 17:08:02.41209+05:30	2204	District object (2204)	1	new through import_export	7	1
1614	2025-08-21 17:08:02.423379+05:30	2205	District object (2205)	1	new through import_export	7	1
1615	2025-08-21 17:08:02.434561+05:30	2206	District object (2206)	1	new through import_export	7	1
1616	2025-08-21 17:08:02.445793+05:30	2207	District object (2207)	1	new through import_export	7	1
1617	2025-08-21 17:08:02.456831+05:30	2208	District object (2208)	1	new through import_export	7	1
1618	2025-08-21 17:08:02.468133+05:30	2209	District object (2209)	1	new through import_export	7	1
1619	2025-08-21 17:08:02.479163+05:30	2210	District object (2210)	1	new through import_export	7	1
1620	2025-08-21 17:08:02.490303+05:30	2211	District object (2211)	1	new through import_export	7	1
1621	2025-08-21 17:08:02.501429+05:30	2212	District object (2212)	1	new through import_export	7	1
1622	2025-08-21 17:08:02.512783+05:30	2213	District object (2213)	1	new through import_export	7	1
1623	2025-08-21 17:08:02.524329+05:30	2214	District object (2214)	1	new through import_export	7	1
1624	2025-08-21 17:08:02.535618+05:30	2215	District object (2215)	1	new through import_export	7	1
1625	2025-08-21 17:08:02.546878+05:30	2216	District object (2216)	1	new through import_export	7	1
1626	2025-08-21 17:08:02.558076+05:30	2217	District object (2217)	1	new through import_export	7	1
1627	2025-08-21 17:08:02.569375+05:30	2218	District object (2218)	1	new through import_export	7	1
1628	2025-08-21 17:08:02.580628+05:30	2219	District object (2219)	1	new through import_export	7	1
1629	2025-08-21 17:08:02.591771+05:30	2220	District object (2220)	1	new through import_export	7	1
1630	2025-08-21 17:08:02.602981+05:30	2221	District object (2221)	1	new through import_export	7	1
1631	2025-08-21 17:08:02.614286+05:30	2222	District object (2222)	1	new through import_export	7	1
1632	2025-08-21 17:08:02.625467+05:30	2223	District object (2223)	1	new through import_export	7	1
1633	2025-08-21 17:08:02.636654+05:30	2224	District object (2224)	1	new through import_export	7	1
1634	2025-08-21 17:08:02.647934+05:30	2225	District object (2225)	1	new through import_export	7	1
1635	2025-08-21 17:08:02.659669+05:30	2226	District object (2226)	1	new through import_export	7	1
1636	2025-08-21 17:08:02.670515+05:30	2227	District object (2227)	1	new through import_export	7	1
1637	2025-08-21 17:08:02.681466+05:30	2228	District object (2228)	1	new through import_export	7	1
1638	2025-08-21 17:08:02.692842+05:30	2229	District object (2229)	1	new through import_export	7	1
1639	2025-08-21 17:08:02.704063+05:30	2230	District object (2230)	1	new through import_export	7	1
1640	2025-08-21 17:08:02.715316+05:30	2231	District object (2231)	1	new through import_export	7	1
1641	2025-08-21 17:08:02.726486+05:30	2232	District object (2232)	1	new through import_export	7	1
1642	2025-08-21 17:08:02.737777+05:30	2233	District object (2233)	1	new through import_export	7	1
1643	2025-08-21 17:08:02.748969+05:30	2234	District object (2234)	1	new through import_export	7	1
1644	2025-08-21 17:08:02.760405+05:30	2235	District object (2235)	1	new through import_export	7	1
1645	2025-08-21 17:08:02.77148+05:30	2236	District object (2236)	1	new through import_export	7	1
1646	2025-08-21 17:08:02.782768+05:30	2237	District object (2237)	1	new through import_export	7	1
1647	2025-08-21 17:08:02.794194+05:30	2238	District object (2238)	1	new through import_export	7	1
1648	2025-08-21 17:08:02.805238+05:30	2239	District object (2239)	1	new through import_export	7	1
1649	2025-08-21 17:08:02.816403+05:30	2240	District object (2240)	1	new through import_export	7	1
1650	2025-08-21 17:08:02.827611+05:30	2241	District object (2241)	1	new through import_export	7	1
1651	2025-08-21 17:08:02.839176+05:30	2242	District object (2242)	1	new through import_export	7	1
1652	2025-08-21 17:08:02.850023+05:30	2243	District object (2243)	1	new through import_export	7	1
1653	2025-08-21 17:08:02.861368+05:30	2244	District object (2244)	1	new through import_export	7	1
1654	2025-08-21 17:08:02.87289+05:30	2245	District object (2245)	1	new through import_export	7	1
1655	2025-08-21 17:08:02.883744+05:30	2246	District object (2246)	1	new through import_export	7	1
1656	2025-08-21 17:08:02.894945+05:30	2247	District object (2247)	1	new through import_export	7	1
1657	2025-08-21 17:08:02.906466+05:30	2248	District object (2248)	1	new through import_export	7	1
1658	2025-08-21 17:08:02.917394+05:30	2249	District object (2249)	1	new through import_export	7	1
1659	2025-08-21 17:08:02.928326+05:30	2250	District object (2250)	1	new through import_export	7	1
1660	2025-08-21 17:08:02.939495+05:30	2251	District object (2251)	1	new through import_export	7	1
1661	2025-08-21 17:08:02.951097+05:30	2252	District object (2252)	1	new through import_export	7	1
1662	2025-08-21 17:08:02.965+05:30	2253	District object (2253)	1	new through import_export	7	1
1663	2025-08-21 17:08:02.987287+05:30	2254	District object (2254)	1	new through import_export	7	1
1664	2025-08-21 17:08:02.998361+05:30	2255	District object (2255)	1	new through import_export	7	1
1665	2025-08-21 17:08:03.009722+05:30	2256	District object (2256)	1	new through import_export	7	1
1666	2025-08-21 17:08:03.020886+05:30	2257	District object (2257)	1	new through import_export	7	1
1667	2025-08-21 17:08:03.032321+05:30	2258	District object (2258)	1	new through import_export	7	1
1668	2025-08-21 17:08:03.043631+05:30	2259	District object (2259)	1	new through import_export	7	1
1669	2025-08-21 17:08:03.054542+05:30	2260	District object (2260)	1	new through import_export	7	1
1670	2025-08-21 17:08:03.065839+05:30	2261	District object (2261)	1	new through import_export	7	1
1671	2025-08-21 17:08:03.076989+05:30	2262	District object (2262)	1	new through import_export	7	1
1672	2025-08-21 17:08:03.088352+05:30	2263	District object (2263)	1	new through import_export	7	1
1673	2025-08-21 17:08:03.099616+05:30	2264	District object (2264)	1	new through import_export	7	1
1674	2025-08-21 17:08:03.110775+05:30	2265	District object (2265)	1	new through import_export	7	1
1675	2025-08-21 17:08:03.122439+05:30	2266	District object (2266)	1	new through import_export	7	1
1676	2025-08-21 17:08:03.132755+05:30	2267	District object (2267)	1	new through import_export	7	1
1677	2025-08-21 17:08:03.144124+05:30	2268	District object (2268)	1	new through import_export	7	1
1678	2025-08-21 17:08:03.155596+05:30	2269	District object (2269)	1	new through import_export	7	1
1679	2025-08-21 17:08:03.166923+05:30	2270	District object (2270)	1	new through import_export	7	1
1680	2025-08-21 17:08:03.178115+05:30	2271	District object (2271)	1	new through import_export	7	1
1681	2025-08-21 17:08:03.189492+05:30	2272	District object (2272)	1	new through import_export	7	1
1682	2025-08-21 17:08:03.200543+05:30	2273	District object (2273)	1	new through import_export	7	1
1683	2025-08-21 17:08:03.21175+05:30	2274	District object (2274)	1	new through import_export	7	1
1684	2025-08-21 17:08:03.223133+05:30	2275	District object (2275)	1	new through import_export	7	1
1685	2025-08-21 17:08:03.234241+05:30	2276	District object (2276)	1	new through import_export	7	1
1686	2025-08-21 17:08:03.245524+05:30	2277	District object (2277)	1	new through import_export	7	1
1687	2025-08-21 17:08:03.256699+05:30	2278	District object (2278)	1	new through import_export	7	1
1688	2025-08-21 17:08:03.267878+05:30	2279	District object (2279)	1	new through import_export	7	1
1689	2025-08-21 17:08:03.279112+05:30	2280	District object (2280)	1	new through import_export	7	1
1690	2025-08-21 17:08:03.290357+05:30	2281	District object (2281)	1	new through import_export	7	1
1691	2025-08-21 17:08:03.301435+05:30	2282	District object (2282)	1	new through import_export	7	1
1692	2025-08-21 17:08:03.312836+05:30	2283	District object (2283)	1	new through import_export	7	1
1693	2025-08-21 17:08:03.324299+05:30	2284	District object (2284)	1	new through import_export	7	1
1694	2025-08-21 17:08:03.347265+05:30	2285	District object (2285)	1	new through import_export	7	1
1695	2025-08-21 17:08:03.369843+05:30	2286	District object (2286)	1	new through import_export	7	1
1696	2025-08-21 17:08:03.392982+05:30	2287	District object (2287)	1	new through import_export	7	1
1697	2025-08-21 17:08:03.415378+05:30	2288	District object (2288)	1	new through import_export	7	1
1698	2025-08-21 17:08:03.426606+05:30	2289	District object (2289)	1	new through import_export	7	1
1699	2025-08-21 17:08:03.437859+05:30	2290	District object (2290)	1	new through import_export	7	1
1700	2025-08-21 17:08:03.448877+05:30	2291	District object (2291)	1	new through import_export	7	1
1701	2025-08-21 17:08:03.460179+05:30	2292	District object (2292)	1	new through import_export	7	1
1702	2025-08-21 17:08:03.471705+05:30	2293	District object (2293)	1	new through import_export	7	1
1703	2025-08-21 17:08:03.482577+05:30	2294	District object (2294)	1	new through import_export	7	1
2396	2025-11-03 14:43:54.557537+05:30	37	37	3		14	1
1704	2025-08-21 17:08:03.493821+05:30	2295	District object (2295)	1	new through import_export	7	1
1705	2025-08-21 17:08:03.505219+05:30	2296	District object (2296)	1	new through import_export	7	1
1706	2025-08-21 17:08:03.516228+05:30	2297	District object (2297)	1	new through import_export	7	1
1707	2025-08-21 17:08:03.527534+05:30	2298	District object (2298)	1	new through import_export	7	1
1708	2025-08-21 17:08:03.538727+05:30	2299	District object (2299)	1	new through import_export	7	1
1709	2025-08-21 17:08:03.549873+05:30	2300	District object (2300)	1	new through import_export	7	1
1710	2025-08-21 17:08:03.5612+05:30	2301	District object (2301)	1	new through import_export	7	1
1711	2025-08-21 17:08:03.661261+05:30	2302	District object (2302)	1	new through import_export	7	1
1712	2025-08-21 17:08:03.672447+05:30	2303	District object (2303)	1	new through import_export	7	1
1713	2025-08-21 17:08:03.683768+05:30	2304	District object (2304)	1	new through import_export	7	1
1714	2025-08-21 17:08:03.694943+05:30	2305	District object (2305)	1	new through import_export	7	1
1715	2025-08-21 17:08:03.706502+05:30	2306	District object (2306)	1	new through import_export	7	1
1716	2025-08-21 17:08:03.717547+05:30	2307	District object (2307)	1	new through import_export	7	1
1717	2025-08-21 17:08:03.728517+05:30	2308	District object (2308)	1	new through import_export	7	1
1718	2025-08-21 17:08:03.740109+05:30	2309	District object (2309)	1	new through import_export	7	1
1719	2025-08-21 17:08:03.751171+05:30	2310	District object (2310)	1	new through import_export	7	1
1720	2025-08-21 17:08:03.76247+05:30	2311	District object (2311)	1	new through import_export	7	1
1721	2025-08-21 17:08:03.773448+05:30	2312	District object (2312)	1	new through import_export	7	1
1722	2025-08-21 17:08:03.784779+05:30	2313	District object (2313)	1	new through import_export	7	1
1723	2025-08-21 17:08:03.795957+05:30	2314	District object (2314)	1	new through import_export	7	1
1724	2025-08-21 17:08:03.807182+05:30	2315	District object (2315)	1	new through import_export	7	1
1725	2025-08-21 17:08:03.818557+05:30	2316	District object (2316)	1	new through import_export	7	1
1726	2025-08-21 17:08:03.829782+05:30	2317	District object (2317)	1	new through import_export	7	1
1727	2025-08-21 17:08:03.840997+05:30	2318	District object (2318)	1	new through import_export	7	1
1728	2025-08-21 17:08:03.852244+05:30	2319	District object (2319)	1	new through import_export	7	1
1729	2025-08-21 17:08:03.863443+05:30	2320	District object (2320)	1	new through import_export	7	1
1730	2025-08-21 17:08:03.874639+05:30	2321	District object (2321)	1	new through import_export	7	1
1731	2025-08-21 17:08:03.885993+05:30	2322	District object (2322)	1	new through import_export	7	1
1732	2025-08-21 17:08:03.89712+05:30	2323	District object (2323)	1	new through import_export	7	1
1733	2025-08-21 17:08:03.908554+05:30	2324	District object (2324)	1	new through import_export	7	1
1734	2025-08-21 17:08:03.921194+05:30	2325	District object (2325)	1	new through import_export	7	1
1735	2025-08-21 17:08:03.932342+05:30	2326	District object (2326)	1	new through import_export	7	1
1736	2025-08-21 17:08:03.943545+05:30	2327	District object (2327)	1	new through import_export	7	1
1737	2025-08-21 17:08:03.95474+05:30	2328	District object (2328)	1	new through import_export	7	1
1738	2025-08-21 17:08:03.966024+05:30	2329	District object (2329)	1	new through import_export	7	1
1739	2025-08-21 17:08:03.977313+05:30	2330	District object (2330)	1	new through import_export	7	1
1740	2025-08-21 17:08:03.98877+05:30	2331	District object (2331)	1	new through import_export	7	1
1741	2025-08-21 17:08:03.999567+05:30	2332	District object (2332)	1	new through import_export	7	1
1742	2025-08-21 17:08:04.010911+05:30	2333	District object (2333)	1	new through import_export	7	1
1743	2025-08-21 17:08:04.022186+05:30	2334	District object (2334)	1	new through import_export	7	1
1744	2025-08-21 17:08:04.033157+05:30	2335	District object (2335)	1	new through import_export	7	1
1745	2025-08-21 17:08:04.044576+05:30	2336	District object (2336)	1	new through import_export	7	1
1746	2025-08-21 17:08:04.055808+05:30	2337	District object (2337)	1	new through import_export	7	1
1747	2025-08-21 17:08:04.067077+05:30	2338	District object (2338)	1	new through import_export	7	1
1748	2025-08-21 17:08:04.078391+05:30	2339	District object (2339)	1	new through import_export	7	1
1749	2025-08-21 17:08:04.089529+05:30	2340	District object (2340)	1	new through import_export	7	1
1750	2025-08-21 17:08:04.100742+05:30	2341	District object (2341)	1	new through import_export	7	1
1751	2025-08-21 17:08:04.111953+05:30	2342	District object (2342)	1	new through import_export	7	1
1752	2025-08-21 17:08:04.123225+05:30	2343	District object (2343)	1	new through import_export	7	1
1753	2025-08-21 17:08:04.134175+05:30	2344	District object (2344)	1	new through import_export	7	1
1754	2025-08-21 17:08:04.145201+05:30	2345	District object (2345)	1	new through import_export	7	1
1755	2025-08-21 17:08:04.156736+05:30	2346	District object (2346)	1	new through import_export	7	1
1756	2025-08-21 17:08:04.168191+05:30	2347	District object (2347)	1	new through import_export	7	1
1757	2025-08-21 17:08:04.179483+05:30	2348	District object (2348)	1	new through import_export	7	1
1758	2025-08-21 17:08:04.190535+05:30	2349	District object (2349)	1	new through import_export	7	1
1759	2025-08-21 17:08:04.201917+05:30	2350	District object (2350)	1	new through import_export	7	1
1760	2025-08-21 17:08:04.212918+05:30	2351	District object (2351)	1	new through import_export	7	1
1761	2025-08-21 17:08:04.224396+05:30	2352	District object (2352)	1	new through import_export	7	1
1762	2025-08-21 17:08:04.235724+05:30	2353	District object (2353)	1	new through import_export	7	1
1763	2025-08-21 17:08:04.246735+05:30	2354	District object (2354)	1	new through import_export	7	1
1764	2025-08-21 17:08:04.257976+05:30	2355	District object (2355)	1	new through import_export	7	1
1765	2025-08-21 17:08:04.269258+05:30	2356	District object (2356)	1	new through import_export	7	1
1766	2025-08-21 17:08:04.280368+05:30	2357	District object (2357)	1	new through import_export	7	1
1767	2025-08-21 17:08:04.291672+05:30	2358	District object (2358)	1	new through import_export	7	1
1768	2025-08-21 17:08:04.303356+05:30	2359	District object (2359)	1	new through import_export	7	1
1769	2025-08-21 17:08:04.313869+05:30	2360	District object (2360)	1	new through import_export	7	1
1770	2025-08-21 17:08:04.325347+05:30	2361	District object (2361)	1	new through import_export	7	1
1771	2025-08-21 17:08:04.336827+05:30	2362	District object (2362)	1	new through import_export	7	1
1772	2025-08-21 17:08:04.347925+05:30	2363	District object (2363)	1	new through import_export	7	1
1773	2025-08-21 17:08:04.359192+05:30	2364	District object (2364)	1	new through import_export	7	1
1774	2025-08-21 17:08:04.370373+05:30	2365	District object (2365)	1	new through import_export	7	1
1775	2025-08-21 17:08:04.381704+05:30	2366	District object (2366)	1	new through import_export	7	1
1776	2025-08-21 17:08:04.392749+05:30	2367	District object (2367)	1	new through import_export	7	1
1777	2025-08-21 17:08:04.404271+05:30	2368	District object (2368)	1	new through import_export	7	1
1778	2025-08-21 17:08:04.415422+05:30	2369	District object (2369)	1	new through import_export	7	1
2397	2025-11-03 14:43:54.635563+05:30	35	35	3		14	1
1779	2025-08-21 17:08:04.426555+05:30	2370	District object (2370)	1	new through import_export	7	1
1780	2025-08-21 17:08:04.438001+05:30	2371	District object (2371)	1	new through import_export	7	1
1781	2025-08-21 17:08:04.449139+05:30	2372	District object (2372)	1	new through import_export	7	1
1782	2025-08-21 17:08:04.46017+05:30	2373	District object (2373)	1	new through import_export	7	1
1783	2025-08-21 17:08:04.471454+05:30	2374	District object (2374)	1	new through import_export	7	1
1784	2025-08-21 17:08:04.482454+05:30	2375	District object (2375)	1	new through import_export	7	1
1785	2025-08-21 17:08:04.493631+05:30	2376	District object (2376)	1	new through import_export	7	1
1786	2025-08-21 17:08:04.504788+05:30	2377	District object (2377)	1	new through import_export	7	1
1787	2025-08-21 17:08:04.516251+05:30	2378	District object (2378)	1	new through import_export	7	1
1788	2025-08-21 17:08:04.527688+05:30	2379	District object (2379)	1	new through import_export	7	1
1789	2025-08-21 17:08:04.538864+05:30	2380	District object (2380)	1	new through import_export	7	1
1790	2025-08-21 17:08:04.550451+05:30	2381	District object (2381)	1	new through import_export	7	1
1791	2025-08-21 17:08:04.561395+05:30	2382	District object (2382)	1	new through import_export	7	1
1792	2025-08-21 17:08:04.572935+05:30	2383	District object (2383)	1	new through import_export	7	1
1793	2025-08-21 17:08:04.583963+05:30	2384	District object (2384)	1	new through import_export	7	1
1794	2025-08-21 17:08:04.595135+05:30	2385	District object (2385)	1	new through import_export	7	1
1795	2025-08-21 17:08:04.60633+05:30	2386	District object (2386)	1	new through import_export	7	1
1796	2025-08-21 17:08:04.617773+05:30	2387	District object (2387)	1	new through import_export	7	1
1797	2025-08-21 17:08:04.628735+05:30	2388	District object (2388)	1	new through import_export	7	1
1798	2025-08-21 17:08:04.640069+05:30	2389	District object (2389)	1	new through import_export	7	1
1799	2025-08-21 17:08:04.65139+05:30	2390	District object (2390)	1	new through import_export	7	1
1800	2025-08-21 17:08:04.662473+05:30	2391	District object (2391)	1	new through import_export	7	1
1801	2025-08-21 17:08:04.673715+05:30	2392	District object (2392)	1	new through import_export	7	1
1802	2025-08-21 17:08:04.684985+05:30	2393	District object (2393)	1	new through import_export	7	1
1803	2025-08-21 17:08:04.696324+05:30	2394	District object (2394)	1	new through import_export	7	1
1804	2025-08-21 17:08:04.707579+05:30	2395	District object (2395)	1	new through import_export	7	1
1805	2025-08-21 17:08:04.718355+05:30	2396	District object (2396)	1	new through import_export	7	1
1806	2025-08-21 17:08:04.729939+05:30	2397	District object (2397)	1	new through import_export	7	1
1807	2025-08-21 17:08:04.74111+05:30	2398	District object (2398)	1	new through import_export	7	1
1808	2025-08-21 17:08:04.7524+05:30	2399	District object (2399)	1	new through import_export	7	1
1809	2025-08-21 17:08:04.763579+05:30	2400	District object (2400)	1	new through import_export	7	1
1810	2025-08-21 17:08:04.774763+05:30	2401	District object (2401)	1	new through import_export	7	1
1811	2025-08-21 17:08:04.786068+05:30	2402	District object (2402)	1	new through import_export	7	1
1812	2025-08-21 17:08:04.797342+05:30	2403	District object (2403)	1	new through import_export	7	1
1813	2025-08-21 17:08:04.808521+05:30	2404	District object (2404)	1	new through import_export	7	1
1814	2025-08-21 17:08:04.820023+05:30	2405	District object (2405)	1	new through import_export	7	1
1815	2025-08-21 17:08:04.830871+05:30	2406	District object (2406)	1	new through import_export	7	1
1816	2025-08-21 17:08:04.842188+05:30	2407	District object (2407)	1	new through import_export	7	1
1817	2025-08-21 17:08:04.853313+05:30	2408	District object (2408)	1	new through import_export	7	1
1818	2025-08-21 17:08:04.864575+05:30	2409	District object (2409)	1	new through import_export	7	1
1819	2025-08-21 17:08:04.875898+05:30	2410	District object (2410)	1	new through import_export	7	1
1820	2025-08-21 17:08:04.887342+05:30	2411	District object (2411)	1	new through import_export	7	1
1821	2025-08-21 17:08:04.898468+05:30	2412	District object (2412)	1	new through import_export	7	1
1822	2025-08-21 17:08:04.909707+05:30	2413	District object (2413)	1	new through import_export	7	1
1823	2025-08-21 17:08:04.922411+05:30	2414	District object (2414)	1	new through import_export	7	1
1824	2025-08-21 17:08:04.933856+05:30	2415	District object (2415)	1	new through import_export	7	1
1825	2025-08-21 17:08:04.944701+05:30	2416	District object (2416)	1	new through import_export	7	1
1826	2025-08-21 17:08:04.956254+05:30	2417	District object (2417)	1	new through import_export	7	1
1827	2025-08-21 17:08:04.967961+05:30	2418	District object (2418)	1	new through import_export	7	1
1828	2025-08-21 17:08:04.97874+05:30	2419	District object (2419)	1	new through import_export	7	1
1829	2025-08-21 17:08:04.989977+05:30	2420	District object (2420)	1	new through import_export	7	1
1830	2025-08-21 17:08:05.00133+05:30	2421	District object (2421)	1	new through import_export	7	1
1831	2025-08-21 17:08:05.012461+05:30	2422	District object (2422)	1	new through import_export	7	1
1832	2025-08-21 17:08:05.02371+05:30	2423	District object (2423)	1	new through import_export	7	1
1833	2025-08-21 17:08:05.0349+05:30	2424	District object (2424)	1	new through import_export	7	1
1834	2025-08-21 17:08:05.046015+05:30	2425	District object (2425)	1	new through import_export	7	1
1835	2025-08-21 17:08:05.05727+05:30	2426	District object (2426)	1	new through import_export	7	1
1836	2025-08-21 17:08:05.068639+05:30	2427	District object (2427)	1	new through import_export	7	1
1837	2025-08-21 17:08:05.0799+05:30	2428	District object (2428)	1	new through import_export	7	1
1838	2025-08-21 17:08:05.09109+05:30	2429	District object (2429)	1	new through import_export	7	1
1839	2025-08-21 17:08:05.191242+05:30	2430	District object (2430)	1	new through import_export	7	1
1840	2025-08-21 17:08:05.202431+05:30	2431	District object (2431)	1	new through import_export	7	1
1841	2025-08-21 17:08:05.21368+05:30	2432	District object (2432)	1	new through import_export	7	1
1842	2025-08-21 17:08:05.224755+05:30	2433	District object (2433)	1	new through import_export	7	1
1843	2025-08-21 17:08:05.236145+05:30	2434	District object (2434)	1	new through import_export	7	1
1844	2025-08-21 17:08:05.24736+05:30	2435	District object (2435)	1	new through import_export	7	1
1845	2025-08-21 17:08:05.258391+05:30	2436	District object (2436)	1	new through import_export	7	1
1846	2025-08-21 17:08:05.269777+05:30	2437	District object (2437)	1	new through import_export	7	1
1847	2025-08-21 17:08:05.281173+05:30	2438	District object (2438)	1	new through import_export	7	1
1848	2025-08-21 17:08:05.292293+05:30	2439	District object (2439)	1	new through import_export	7	1
1849	2025-08-21 17:08:05.303442+05:30	2440	District object (2440)	1	new through import_export	7	1
1850	2025-08-21 17:08:05.314711+05:30	2441	District object (2441)	1	new through import_export	7	1
1851	2025-08-21 17:08:05.325914+05:30	2442	District object (2442)	1	new through import_export	7	1
1852	2025-08-21 17:08:05.337099+05:30	2443	District object (2443)	1	new through import_export	7	1
1853	2025-08-21 17:08:05.348413+05:30	2444	District object (2444)	1	new through import_export	7	1
1854	2025-08-21 17:08:05.35946+05:30	2445	District object (2445)	1	new through import_export	7	1
1855	2025-08-21 17:08:05.370853+05:30	2446	District object (2446)	1	new through import_export	7	1
1856	2025-08-21 17:08:05.382076+05:30	2447	District object (2447)	1	new through import_export	7	1
1857	2025-08-21 17:08:05.393229+05:30	2448	District object (2448)	1	new through import_export	7	1
1858	2025-08-21 17:08:05.404562+05:30	2449	District object (2449)	1	new through import_export	7	1
1859	2025-08-21 17:08:05.415778+05:30	2450	District object (2450)	1	new through import_export	7	1
1860	2025-08-21 17:08:05.426796+05:30	2451	District object (2451)	1	new through import_export	7	1
1861	2025-08-21 17:08:05.438216+05:30	2452	District object (2452)	1	new through import_export	7	1
1862	2025-08-21 17:08:05.44938+05:30	2453	District object (2453)	1	new through import_export	7	1
1863	2025-08-21 17:08:05.460676+05:30	2454	District object (2454)	1	new through import_export	7	1
1864	2025-08-21 17:08:05.471841+05:30	2455	District object (2455)	1	new through import_export	7	1
1865	2025-08-21 17:08:05.483227+05:30	2456	District object (2456)	1	new through import_export	7	1
1866	2025-08-21 17:08:05.49434+05:30	2457	District object (2457)	1	new through import_export	7	1
1867	2025-08-21 17:08:05.505608+05:30	2458	District object (2458)	1	new through import_export	7	1
1868	2025-08-21 17:08:05.516858+05:30	2459	District object (2459)	1	new through import_export	7	1
1869	2025-08-21 17:08:05.528248+05:30	2460	District object (2460)	1	new through import_export	7	1
1870	2025-08-21 17:08:05.539212+05:30	2461	District object (2461)	1	new through import_export	7	1
1871	2025-08-21 17:08:05.550472+05:30	2462	District object (2462)	1	new through import_export	7	1
1872	2025-08-21 17:08:05.561662+05:30	2463	District object (2463)	1	new through import_export	7	1
1873	2025-08-21 17:08:05.572646+05:30	2464	District object (2464)	1	new through import_export	7	1
1874	2025-08-21 17:08:05.584093+05:30	2465	District object (2465)	1	new through import_export	7	1
1875	2025-08-21 17:08:05.595395+05:30	2466	District object (2466)	1	new through import_export	7	1
1876	2025-08-21 17:08:05.606727+05:30	2467	District object (2467)	1	new through import_export	7	1
1877	2025-08-21 17:08:05.61781+05:30	2468	District object (2468)	1	new through import_export	7	1
1878	2025-08-21 17:08:05.629139+05:30	2469	District object (2469)	1	new through import_export	7	1
1879	2025-08-21 17:08:05.640239+05:30	2470	District object (2470)	1	new through import_export	7	1
1880	2025-08-21 17:08:05.651545+05:30	2471	District object (2471)	1	new through import_export	7	1
1881	2025-08-21 17:08:05.662956+05:30	2472	District object (2472)	1	new through import_export	7	1
1882	2025-08-21 17:08:05.674087+05:30	2473	District object (2473)	1	new through import_export	7	1
1883	2025-08-21 17:08:05.685173+05:30	2474	District object (2474)	1	new through import_export	7	1
1884	2025-08-21 17:08:05.696512+05:30	2475	District object (2475)	1	new through import_export	7	1
1885	2025-08-21 17:08:05.707804+05:30	2476	District object (2476)	1	new through import_export	7	1
1886	2025-08-21 17:08:05.7189+05:30	2477	District object (2477)	1	new through import_export	7	1
1887	2025-08-21 17:08:05.730402+05:30	2478	District object (2478)	1	new through import_export	7	1
1888	2025-08-21 17:08:05.741268+05:30	2479	District object (2479)	1	new through import_export	7	1
1889	2025-08-21 17:08:05.752817+05:30	2480	District object (2480)	1	new through import_export	7	1
1890	2025-08-21 17:08:05.763901+05:30	2481	District object (2481)	1	new through import_export	7	1
1891	2025-08-21 17:08:05.775123+05:30	2482	District object (2482)	1	new through import_export	7	1
1892	2025-08-21 17:08:05.786359+05:30	2483	District object (2483)	1	new through import_export	7	1
1893	2025-08-21 17:08:05.797638+05:30	2484	District object (2484)	1	new through import_export	7	1
1894	2025-08-21 17:08:05.808792+05:30	2485	District object (2485)	1	new through import_export	7	1
1895	2025-08-21 17:08:05.819882+05:30	2486	District object (2486)	1	new through import_export	7	1
1896	2025-08-21 17:08:05.831471+05:30	2487	District object (2487)	1	new through import_export	7	1
1897	2025-08-21 17:08:05.842325+05:30	2488	District object (2488)	1	new through import_export	7	1
1898	2025-08-21 17:08:05.853666+05:30	2489	District object (2489)	1	new through import_export	7	1
1899	2025-08-21 17:08:05.865303+05:30	2490	District object (2490)	1	new through import_export	7	1
1900	2025-08-21 17:08:05.876191+05:30	2491	District object (2491)	1	new through import_export	7	1
1901	2025-08-21 17:08:05.887401+05:30	2492	District object (2492)	1	new through import_export	7	1
1902	2025-08-21 17:08:05.898617+05:30	2493	District object (2493)	1	new through import_export	7	1
1903	2025-08-21 17:08:05.909853+05:30	2494	District object (2494)	1	new through import_export	7	1
1904	2025-08-21 17:08:05.921013+05:30	2495	District object (2495)	1	new through import_export	7	1
1905	2025-08-21 17:08:05.932244+05:30	2496	District object (2496)	1	new through import_export	7	1
1906	2025-08-21 17:08:05.943507+05:30	2497	District object (2497)	1	new through import_export	7	1
1907	2025-08-21 17:08:05.954708+05:30	2498	District object (2498)	1	new through import_export	7	1
1908	2025-08-21 17:08:05.96591+05:30	2499	District object (2499)	1	new through import_export	7	1
1909	2025-08-21 17:08:05.977253+05:30	2500	District object (2500)	1	new through import_export	7	1
1910	2025-08-21 17:08:05.988407+05:30	2501	District object (2501)	1	new through import_export	7	1
1911	2025-08-21 17:08:05.999681+05:30	2502	District object (2502)	1	new through import_export	7	1
1912	2025-08-21 17:08:06.010501+05:30	2503	District object (2503)	1	new through import_export	7	1
1913	2025-08-21 17:08:06.022022+05:30	2504	District object (2504)	1	new through import_export	7	1
1914	2025-08-21 17:08:06.033625+05:30	2505	District object (2505)	1	new through import_export	7	1
1915	2025-08-21 17:08:06.044688+05:30	2506	District object (2506)	1	new through import_export	7	1
1916	2025-08-21 17:08:06.055853+05:30	2507	District object (2507)	1	new through import_export	7	1
1917	2025-08-21 17:08:06.066673+05:30	2508	District object (2508)	1	new through import_export	7	1
1918	2025-08-21 17:08:06.079779+05:30	2509	District object (2509)	1	new through import_export	7	1
1919	2025-08-21 17:08:06.09087+05:30	2510	District object (2510)	1	new through import_export	7	1
1920	2025-08-21 17:08:06.102291+05:30	2511	District object (2511)	1	new through import_export	7	1
1921	2025-08-21 17:08:06.113526+05:30	2512	District object (2512)	1	new through import_export	7	1
1922	2025-08-21 17:08:06.12473+05:30	2513	District object (2513)	1	new through import_export	7	1
1923	2025-08-21 17:08:06.135489+05:30	2514	District object (2514)	1	new through import_export	7	1
1924	2025-08-21 17:08:06.146608+05:30	2515	District object (2515)	1	new through import_export	7	1
1925	2025-08-21 17:08:06.158124+05:30	2516	District object (2516)	1	new through import_export	7	1
1926	2025-08-21 17:08:06.169467+05:30	2517	District object (2517)	1	new through import_export	7	1
1927	2025-08-21 17:08:06.180968+05:30	2518	District object (2518)	1	new through import_export	7	1
1928	2025-08-21 17:08:06.191984+05:30	2519	District object (2519)	1	new through import_export	7	1
1929	2025-08-21 17:08:06.203353+05:30	2520	District object (2520)	1	new through import_export	7	1
1930	2025-08-21 17:08:06.214436+05:30	2521	District object (2521)	1	new through import_export	7	1
1931	2025-08-21 17:08:06.225682+05:30	2522	District object (2522)	1	new through import_export	7	1
1932	2025-08-21 17:08:06.236979+05:30	2523	District object (2523)	1	new through import_export	7	1
1933	2025-08-21 17:08:06.248256+05:30	2524	District object (2524)	1	new through import_export	7	1
1934	2025-08-21 17:08:06.259442+05:30	2525	District object (2525)	1	new through import_export	7	1
1935	2025-08-21 17:08:06.27064+05:30	2526	District object (2526)	1	new through import_export	7	1
1936	2025-08-21 17:08:06.281985+05:30	2527	District object (2527)	1	new through import_export	7	1
1937	2025-08-21 17:08:06.293127+05:30	2528	District object (2528)	1	new through import_export	7	1
1938	2025-08-21 17:08:06.304456+05:30	2529	District object (2529)	1	new through import_export	7	1
1939	2025-08-21 17:08:06.315623+05:30	2530	District object (2530)	1	new through import_export	7	1
1940	2025-08-21 17:08:06.326919+05:30	2531	District object (2531)	1	new through import_export	7	1
1941	2025-08-21 17:08:06.338089+05:30	2532	District object (2532)	1	new through import_export	7	1
1942	2025-08-21 17:08:06.349228+05:30	2533	District object (2533)	1	new through import_export	7	1
1943	2025-08-21 17:08:06.360497+05:30	2534	District object (2534)	1	new through import_export	7	1
1944	2025-08-21 17:08:06.371673+05:30	2535	District object (2535)	1	new through import_export	7	1
1945	2025-08-21 17:08:06.383023+05:30	2536	District object (2536)	1	new through import_export	7	1
1946	2025-08-21 17:08:06.394246+05:30	2537	District object (2537)	1	new through import_export	7	1
1947	2025-08-21 17:08:06.405531+05:30	2538	District object (2538)	1	new through import_export	7	1
1948	2025-08-21 17:08:06.416663+05:30	2539	District object (2539)	1	new through import_export	7	1
1949	2025-08-21 17:08:06.427938+05:30	2540	District object (2540)	1	new through import_export	7	1
1950	2025-08-21 17:08:06.438985+05:30	2541	District object (2541)	1	new through import_export	7	1
1951	2025-08-21 17:08:06.450372+05:30	2542	District object (2542)	1	new through import_export	7	1
1952	2025-08-21 17:08:06.461507+05:30	2543	District object (2543)	1	new through import_export	7	1
1953	2025-08-21 17:08:06.472625+05:30	2544	District object (2544)	1	new through import_export	7	1
1954	2025-08-21 17:08:06.484278+05:30	2545	District object (2545)	1	new through import_export	7	1
1955	2025-08-21 17:08:06.495187+05:30	2546	District object (2546)	1	new through import_export	7	1
1956	2025-08-21 17:08:06.506952+05:30	2547	District object (2547)	1	new through import_export	7	1
1957	2025-08-21 17:08:06.517423+05:30	2548	District object (2548)	1	new through import_export	7	1
1958	2025-08-21 17:08:06.528945+05:30	2549	District object (2549)	1	new through import_export	7	1
1959	2025-08-21 17:08:06.540023+05:30	2550	District object (2550)	1	new through import_export	7	1
1960	2025-08-21 17:08:06.551549+05:30	2551	District object (2551)	1	new through import_export	7	1
1961	2025-08-21 17:08:06.56294+05:30	2552	District object (2552)	1	new through import_export	7	1
1962	2025-08-21 17:08:06.573989+05:30	2553	District object (2553)	1	new through import_export	7	1
1963	2025-08-21 17:08:06.585322+05:30	2554	District object (2554)	1	new through import_export	7	1
1964	2025-08-21 17:08:06.596451+05:30	2555	District object (2555)	1	new through import_export	7	1
1965	2025-08-21 17:08:06.607619+05:30	2556	District object (2556)	1	new through import_export	7	1
1966	2025-08-21 17:08:06.618818+05:30	2557	District object (2557)	1	new through import_export	7	1
1967	2025-08-21 17:08:06.718968+05:30	2558	District object (2558)	1	new through import_export	7	1
1968	2025-08-21 17:08:06.730169+05:30	2559	District object (2559)	1	new through import_export	7	1
1969	2025-08-21 17:08:06.741464+05:30	2560	District object (2560)	1	new through import_export	7	1
1970	2025-08-21 17:08:06.752649+05:30	2561	District object (2561)	1	new through import_export	7	1
1971	2025-08-21 17:08:06.763889+05:30	2562	District object (2562)	1	new through import_export	7	1
1972	2025-08-21 17:08:06.775198+05:30	2563	District object (2563)	1	new through import_export	7	1
1973	2025-08-21 17:08:06.786512+05:30	2564	District object (2564)	1	new through import_export	7	1
1974	2025-08-21 17:08:06.797855+05:30	2565	District object (2565)	1	new through import_export	7	1
1975	2025-08-21 17:08:06.808844+05:30	2566	District object (2566)	1	new through import_export	7	1
1976	2025-08-21 17:08:06.819933+05:30	2567	District object (2567)	1	new through import_export	7	1
1977	2025-08-21 17:08:06.831569+05:30	2568	District object (2568)	1	new through import_export	7	1
1978	2025-08-21 17:08:06.842531+05:30	2569	District object (2569)	1	new through import_export	7	1
1979	2025-08-21 17:08:06.853752+05:30	2570	District object (2570)	1	new through import_export	7	1
1980	2025-08-21 17:08:06.865069+05:30	2571	District object (2571)	1	new through import_export	7	1
1981	2025-08-21 17:08:06.876218+05:30	2572	District object (2572)	1	new through import_export	7	1
1982	2025-08-21 17:08:06.887375+05:30	2573	District object (2573)	1	new through import_export	7	1
1983	2025-08-21 17:08:06.898628+05:30	2574	District object (2574)	1	new through import_export	7	1
1984	2025-08-21 17:08:06.909835+05:30	2575	District object (2575)	1	new through import_export	7	1
1985	2025-08-21 17:08:06.921214+05:30	2576	District object (2576)	1	new through import_export	7	1
1986	2025-08-21 17:08:06.932099+05:30	2577	District object (2577)	1	new through import_export	7	1
1987	2025-08-21 17:08:06.943815+05:30	2578	District object (2578)	1	new through import_export	7	1
1988	2025-08-21 17:08:06.954772+05:30	2579	District object (2579)	1	new through import_export	7	1
1989	2025-08-21 17:08:06.965995+05:30	2580	District object (2580)	1	new through import_export	7	1
1990	2025-08-21 17:08:06.977415+05:30	2581	District object (2581)	1	new through import_export	7	1
1991	2025-08-21 17:08:06.988562+05:30	2582	District object (2582)	1	new through import_export	7	1
1992	2025-08-21 17:08:06.999584+05:30	2583	District object (2583)	1	new through import_export	7	1
1993	2025-08-21 17:08:07.010607+05:30	2584	District object (2584)	1	new through import_export	7	1
1994	2025-08-21 17:08:07.021804+05:30	2585	District object (2585)	1	new through import_export	7	1
1995	2025-08-21 17:08:07.033079+05:30	2586	District object (2586)	1	new through import_export	7	1
1996	2025-08-21 17:08:07.044336+05:30	2587	District object (2587)	1	new through import_export	7	1
1997	2025-08-21 17:08:07.055429+05:30	2588	District object (2588)	1	new through import_export	7	1
1998	2025-08-21 17:08:07.066623+05:30	2589	District object (2589)	1	new through import_export	7	1
1999	2025-08-21 17:08:07.078045+05:30	2590	District object (2590)	1	new through import_export	7	1
2000	2025-08-21 17:08:07.089187+05:30	2591	District object (2591)	1	new through import_export	7	1
2001	2025-08-21 17:08:07.10038+05:30	2592	District object (2592)	1	new through import_export	7	1
2002	2025-08-21 17:08:07.111618+05:30	2593	District object (2593)	1	new through import_export	7	1
2003	2025-08-21 17:08:07.122805+05:30	2594	District object (2594)	1	new through import_export	7	1
2004	2025-08-21 17:08:07.134214+05:30	2595	District object (2595)	1	new through import_export	7	1
2005	2025-08-21 17:08:07.14533+05:30	2596	District object (2596)	1	new through import_export	7	1
2006	2025-08-21 17:08:07.15686+05:30	2597	District object (2597)	1	new through import_export	7	1
2007	2025-08-21 17:08:07.168322+05:30	2598	District object (2598)	1	new through import_export	7	1
2008	2025-08-21 17:08:07.179472+05:30	2599	District object (2599)	1	new through import_export	7	1
2009	2025-08-21 17:08:07.190742+05:30	2600	District object (2600)	1	new through import_export	7	1
2010	2025-08-21 17:08:07.201939+05:30	2601	District object (2601)	1	new through import_export	7	1
2011	2025-08-21 17:08:07.214775+05:30	2602	District object (2602)	1	new through import_export	7	1
2012	2025-08-21 17:08:07.225924+05:30	2603	District object (2603)	1	new through import_export	7	1
2013	2025-08-21 17:08:07.237224+05:30	2604	District object (2604)	1	new through import_export	7	1
2014	2025-08-21 17:08:07.248488+05:30	2605	District object (2605)	1	new through import_export	7	1
2015	2025-08-21 17:08:07.259685+05:30	2606	District object (2606)	1	new through import_export	7	1
2016	2025-08-21 17:08:07.270904+05:30	2607	District object (2607)	1	new through import_export	7	1
2017	2025-08-21 17:08:07.28207+05:30	2608	District object (2608)	1	new through import_export	7	1
2018	2025-08-21 17:08:07.293468+05:30	2609	District object (2609)	1	new through import_export	7	1
2019	2025-08-21 17:08:07.304558+05:30	2610	District object (2610)	1	new through import_export	7	1
2020	2025-08-21 17:08:07.315975+05:30	2611	District object (2611)	1	new through import_export	7	1
2021	2025-08-21 17:08:07.327173+05:30	2612	District object (2612)	1	new through import_export	7	1
2022	2025-08-21 17:08:07.338163+05:30	2613	District object (2613)	1	new through import_export	7	1
2023	2025-08-21 17:08:07.349549+05:30	2614	District object (2614)	1	new through import_export	7	1
2024	2025-08-21 17:08:07.361109+05:30	2615	District object (2615)	1	new through import_export	7	1
2025	2025-08-21 17:08:07.371947+05:30	2616	District object (2616)	1	new through import_export	7	1
2026	2025-08-21 17:08:07.383124+05:30	2617	District object (2617)	1	new through import_export	7	1
2027	2025-08-21 17:08:07.394594+05:30	2618	District object (2618)	1	new through import_export	7	1
2028	2025-08-21 17:08:07.405556+05:30	2619	District object (2619)	1	new through import_export	7	1
2029	2025-08-21 17:08:07.416815+05:30	2620	District object (2620)	1	new through import_export	7	1
2030	2025-08-21 17:08:07.428323+05:30	2621	District object (2621)	1	new through import_export	7	1
2031	2025-08-21 17:08:07.439299+05:30	2622	District object (2622)	1	new through import_export	7	1
2032	2025-08-21 17:08:07.450471+05:30	2623	District object (2623)	1	new through import_export	7	1
2033	2025-08-21 17:08:07.461767+05:30	2624	District object (2624)	1	new through import_export	7	1
2034	2025-08-21 17:08:07.472931+05:30	2625	District object (2625)	1	new through import_export	7	1
2035	2025-08-21 17:08:07.484065+05:30	2626	District object (2626)	1	new through import_export	7	1
2036	2025-08-21 17:08:07.495443+05:30	2627	District object (2627)	1	new through import_export	7	1
2037	2025-08-21 17:08:07.506683+05:30	2628	District object (2628)	1	new through import_export	7	1
2038	2025-08-21 17:08:07.517872+05:30	2629	District object (2629)	1	new through import_export	7	1
2039	2025-08-21 17:08:07.529375+05:30	2630	District object (2630)	1	new through import_export	7	1
2040	2025-08-21 17:08:07.540384+05:30	2631	District object (2631)	1	new through import_export	7	1
2041	2025-08-21 17:08:07.551581+05:30	2632	District object (2632)	1	new through import_export	7	1
2042	2025-08-21 17:08:07.562787+05:30	2633	District object (2633)	1	new through import_export	7	1
2043	2025-08-21 17:08:07.574075+05:30	2634	District object (2634)	1	new through import_export	7	1
2044	2025-08-21 17:08:07.585229+05:30	2635	District object (2635)	1	new through import_export	7	1
2045	2025-08-21 17:08:07.59655+05:30	2636	District object (2636)	1	new through import_export	7	1
2046	2025-08-21 17:08:07.607706+05:30	2637	District object (2637)	1	new through import_export	7	1
2047	2025-08-21 17:08:07.618912+05:30	2638	District object (2638)	1	new through import_export	7	1
2048	2025-08-21 17:08:07.63015+05:30	2639	District object (2639)	1	new through import_export	7	1
2049	2025-08-21 17:08:07.641437+05:30	2640	District object (2640)	1	new through import_export	7	1
2050	2025-08-21 17:08:07.652817+05:30	2641	District object (2641)	1	new through import_export	7	1
2051	2025-08-21 17:08:07.663793+05:30	2642	District object (2642)	1	new through import_export	7	1
2052	2025-08-21 17:08:07.675225+05:30	2643	District object (2643)	1	new through import_export	7	1
2053	2025-08-21 17:08:07.686271+05:30	2644	District object (2644)	1	new through import_export	7	1
2054	2025-08-21 17:08:07.697554+05:30	2645	District object (2645)	1	new through import_export	7	1
2055	2025-08-21 17:08:07.708784+05:30	2646	District object (2646)	1	new through import_export	7	1
2056	2025-08-21 17:08:07.720114+05:30	2647	District object (2647)	1	new through import_export	7	1
2057	2025-08-21 17:08:07.731381+05:30	2648	District object (2648)	1	new through import_export	7	1
2058	2025-08-21 17:08:07.74261+05:30	2649	District object (2649)	1	new through import_export	7	1
2059	2025-08-21 17:08:07.75369+05:30	2650	District object (2650)	1	new through import_export	7	1
2060	2025-08-21 17:08:07.764875+05:30	2651	District object (2651)	1	new through import_export	7	1
2061	2025-08-21 17:08:07.776121+05:30	2652	District object (2652)	1	new through import_export	7	1
2062	2025-08-21 17:08:07.787344+05:30	2653	District object (2653)	1	new through import_export	7	1
2063	2025-08-21 17:08:07.798686+05:30	2654	District object (2654)	1	new through import_export	7	1
2064	2025-08-21 17:08:07.810335+05:30	2655	District object (2655)	1	new through import_export	7	1
2065	2025-08-21 17:08:07.821108+05:30	2656	District object (2656)	1	new through import_export	7	1
2066	2025-08-21 17:08:07.832441+05:30	2657	District object (2657)	1	new through import_export	7	1
2067	2025-08-21 17:08:07.843534+05:30	2658	District object (2658)	1	new through import_export	7	1
2068	2025-08-21 17:08:07.85467+05:30	2659	District object (2659)	1	new through import_export	7	1
2069	2025-08-21 17:08:07.865781+05:30	2660	District object (2660)	1	new through import_export	7	1
2070	2025-08-21 17:08:07.876937+05:30	2661	District object (2661)	1	new through import_export	7	1
2071	2025-08-21 17:08:07.888421+05:30	2662	District object (2662)	1	new through import_export	7	1
2072	2025-08-21 17:08:07.899599+05:30	2663	District object (2663)	1	new through import_export	7	1
2073	2025-08-21 17:08:07.910905+05:30	2664	District object (2664)	1	new through import_export	7	1
2074	2025-08-21 17:08:08.024003+05:30	2665	District object (2665)	1	new through import_export	7	1
2075	2025-08-21 17:08:08.104068+05:30	2666	District object (2666)	1	new through import_export	7	1
2076	2025-08-21 17:08:08.173394+05:30	2667	District object (2667)	1	new through import_export	7	1
2077	2025-08-21 17:08:08.23262+05:30	2668	District object (2668)	1	new through import_export	7	1
2078	2025-08-21 17:08:08.268198+05:30	2669	District object (2669)	1	new through import_export	7	1
2079	2025-08-21 17:08:08.279069+05:30	2670	District object (2670)	1	new through import_export	7	1
2080	2025-08-21 17:08:08.290073+05:30	2671	District object (2671)	1	new through import_export	7	1
2081	2025-08-21 17:08:08.301374+05:30	2672	District object (2672)	1	new through import_export	7	1
2082	2025-08-21 17:08:08.313105+05:30	2673	District object (2673)	1	new through import_export	7	1
2083	2025-08-21 17:08:08.413241+05:30	2674	District object (2674)	1	new through import_export	7	1
2084	2025-08-21 17:08:08.425699+05:30	2675	District object (2675)	1	new through import_export	7	1
2085	2025-08-21 17:08:08.447772+05:30	2676	District object (2676)	1	new through import_export	7	1
2086	2025-08-21 17:08:08.458943+05:30	2677	District object (2677)	1	new through import_export	7	1
2087	2025-08-21 17:08:08.470233+05:30	2678	District object (2678)	1	new through import_export	7	1
2088	2025-08-21 17:08:08.481378+05:30	2679	District object (2679)	1	new through import_export	7	1
2089	2025-08-21 17:08:08.492856+05:30	2680	District object (2680)	1	new through import_export	7	1
2090	2025-08-21 17:08:08.503474+05:30	2681	District object (2681)	1	new through import_export	7	1
2091	2025-08-21 17:08:08.514875+05:30	2682	District object (2682)	1	new through import_export	7	1
2092	2025-08-21 17:08:08.526552+05:30	2683	District object (2683)	1	new through import_export	7	1
2093	2025-08-21 17:08:08.537774+05:30	2684	District object (2684)	1	new through import_export	7	1
2094	2025-08-21 17:08:08.548913+05:30	2685	District object (2685)	1	new through import_export	7	1
2095	2025-08-21 17:08:08.560203+05:30	2686	District object (2686)	1	new through import_export	7	1
2096	2025-08-21 17:08:08.571425+05:30	2687	District object (2687)	1	new through import_export	7	1
2097	2025-08-21 17:08:08.582529+05:30	2688	District object (2688)	1	new through import_export	7	1
2098	2025-08-21 17:08:08.593942+05:30	2689	District object (2689)	1	new through import_export	7	1
2099	2025-08-21 17:08:08.605069+05:30	2690	District object (2690)	1	new through import_export	7	1
2100	2025-08-21 17:08:08.617934+05:30	2691	District object (2691)	1	new through import_export	7	1
2101	2025-08-21 17:08:08.62933+05:30	2692	District object (2692)	1	new through import_export	7	1
2102	2025-08-21 17:08:08.64053+05:30	2693	District object (2693)	1	new through import_export	7	1
2103	2025-08-21 17:08:08.651531+05:30	2694	District object (2694)	1	new through import_export	7	1
2104	2025-08-21 17:08:08.66271+05:30	2695	District object (2695)	1	new through import_export	7	1
2105	2025-08-21 17:08:08.673961+05:30	2696	District object (2696)	1	new through import_export	7	1
2106	2025-08-21 17:08:08.685197+05:30	2697	District object (2697)	1	new through import_export	7	1
2107	2025-08-21 17:08:08.696448+05:30	2698	District object (2698)	1	new through import_export	7	1
2108	2025-08-21 17:08:08.707733+05:30	2699	District object (2699)	1	new through import_export	7	1
2109	2025-08-21 17:08:08.718885+05:30	2700	District object (2700)	1	new through import_export	7	1
2110	2025-08-21 17:08:08.730204+05:30	2701	District object (2701)	1	new through import_export	7	1
2111	2025-08-21 17:08:08.741298+05:30	2702	District object (2702)	1	new through import_export	7	1
2112	2025-08-21 17:08:08.752626+05:30	2703	District object (2703)	1	new through import_export	7	1
2113	2025-08-21 17:08:08.763904+05:30	2704	District object (2704)	1	new through import_export	7	1
2114	2025-08-21 17:08:08.775017+05:30	2705	District object (2705)	1	new through import_export	7	1
2115	2025-08-21 17:08:08.786286+05:30	2706	District object (2706)	1	new through import_export	7	1
2116	2025-08-21 17:08:08.7975+05:30	2707	District object (2707)	1	new through import_export	7	1
2117	2025-08-21 17:08:08.808855+05:30	2708	District object (2708)	1	new through import_export	7	1
2118	2025-08-21 17:08:08.81999+05:30	2709	District object (2709)	1	new through import_export	7	1
2119	2025-08-21 17:08:08.831193+05:30	2710	District object (2710)	1	new through import_export	7	1
2120	2025-08-21 17:08:08.84239+05:30	2711	District object (2711)	1	new through import_export	7	1
2121	2025-08-21 17:08:08.853677+05:30	2712	District object (2712)	1	new through import_export	7	1
2122	2025-08-21 17:08:08.864901+05:30	2713	District object (2713)	1	new through import_export	7	1
2123	2025-08-21 17:08:08.8761+05:30	2714	District object (2714)	1	new through import_export	7	1
2124	2025-08-21 17:08:08.88741+05:30	2715	District object (2715)	1	new through import_export	7	1
2125	2025-08-21 17:08:08.898528+05:30	2716	District object (2716)	1	new through import_export	7	1
2126	2025-08-21 17:08:08.909655+05:30	2717	District object (2717)	1	new through import_export	7	1
2127	2025-08-21 17:08:08.92095+05:30	2718	District object (2718)	1	new through import_export	7	1
2128	2025-08-21 17:08:08.931786+05:30	2719	District object (2719)	1	new through import_export	7	1
2129	2025-08-21 17:08:08.943278+05:30	2720	District object (2720)	1	new through import_export	7	1
2130	2025-08-21 17:08:08.954888+05:30	2721	District object (2721)	1	new through import_export	7	1
2131	2025-08-21 17:08:08.966106+05:30	2722	District object (2722)	1	new through import_export	7	1
2132	2025-08-21 17:08:08.977484+05:30	2723	District object (2723)	1	new through import_export	7	1
2133	2025-08-21 17:08:08.988641+05:30	2724	District object (2724)	1	new through import_export	7	1
2134	2025-08-21 17:08:08.999623+05:30	2725	District object (2725)	1	new through import_export	7	1
2135	2025-08-21 17:08:09.011117+05:30	2726	District object (2726)	1	new through import_export	7	1
2136	2025-08-21 17:08:09.022075+05:30	2727	District object (2727)	1	new through import_export	7	1
2137	2025-08-21 17:08:09.03357+05:30	2728	District object (2728)	1	new through import_export	7	1
2138	2025-08-21 17:08:09.044757+05:30	2729	District object (2729)	1	new through import_export	7	1
2139	2025-08-21 17:08:09.056121+05:30	2730	District object (2730)	1	new through import_export	7	1
2140	2025-08-21 17:08:09.067021+05:30	2731	District object (2731)	1	new through import_export	7	1
2141	2025-08-21 17:08:09.078198+05:30	2732	District object (2732)	1	new through import_export	7	1
2142	2025-08-21 17:08:09.090024+05:30	2733	District object (2733)	1	new through import_export	7	1
2143	2025-08-21 17:08:09.100603+05:30	2734	District object (2734)	1	new through import_export	7	1
2144	2025-08-21 17:08:09.112014+05:30	2735	District object (2735)	1	new through import_export	7	1
2145	2025-08-21 17:08:09.123142+05:30	2736	District object (2736)	1	new through import_export	7	1
2146	2025-08-21 17:08:09.134408+05:30	2737	District object (2737)	1	new through import_export	7	1
2147	2025-08-21 17:08:09.145253+05:30	2738	District object (2738)	1	new through import_export	7	1
2148	2025-08-21 17:08:09.156971+05:30	2739	District object (2739)	1	new through import_export	7	1
2149	2025-08-21 17:08:09.16814+05:30	2740	District object (2740)	1	new through import_export	7	1
2150	2025-08-21 17:08:09.179391+05:30	2741	District object (2741)	1	new through import_export	7	1
2151	2025-08-21 17:08:09.190674+05:30	2742	District object (2742)	1	new through import_export	7	1
2152	2025-08-21 17:08:09.201718+05:30	2743	District object (2743)	1	new through import_export	7	1
2153	2025-08-21 17:08:09.213028+05:30	2744	District object (2744)	1	new through import_export	7	1
2154	2025-08-21 17:08:09.224317+05:30	2745	District object (2745)	1	new through import_export	7	1
2155	2025-08-21 17:08:09.23551+05:30	2746	District object (2746)	1	new through import_export	7	1
2156	2025-08-21 17:08:09.246631+05:30	2747	District object (2747)	1	new through import_export	7	1
2157	2025-08-21 17:08:09.258312+05:30	2748	District object (2748)	1	new through import_export	7	1
2158	2025-08-21 17:08:09.269229+05:30	2749	District object (2749)	1	new through import_export	7	1
2159	2025-08-21 17:08:09.280458+05:30	2750	District object (2750)	1	new through import_export	7	1
2160	2025-08-21 17:08:09.29187+05:30	2751	District object (2751)	1	new through import_export	7	1
2161	2025-08-21 17:08:09.302831+05:30	2752	District object (2752)	1	new through import_export	7	1
2162	2025-08-21 17:08:09.313924+05:30	2753	District object (2753)	1	new through import_export	7	1
2163	2025-08-21 17:08:09.325294+05:30	2754	District object (2754)	1	new through import_export	7	1
2164	2025-08-21 17:08:09.336567+05:30	2755	District object (2755)	1	new through import_export	7	1
2165	2025-08-21 17:08:09.347771+05:30	2756	District object (2756)	1	new through import_export	7	1
2166	2025-08-21 17:08:09.35901+05:30	2757	District object (2757)	1	new through import_export	7	1
2167	2025-08-21 17:08:09.370265+05:30	2758	District object (2758)	1	new through import_export	7	1
2168	2025-08-21 17:08:09.381475+05:30	2759	District object (2759)	1	new through import_export	7	1
2169	2025-08-21 17:08:09.392617+05:30	2760	District object (2760)	1	new through import_export	7	1
2170	2025-08-21 17:08:09.403854+05:30	2761	District object (2761)	1	new through import_export	7	1
2171	2025-08-21 17:08:09.4151+05:30	2762	District object (2762)	1	new through import_export	7	1
2172	2025-08-21 17:08:09.426357+05:30	2763	District object (2763)	1	new through import_export	7	1
2173	2025-08-21 17:08:09.437595+05:30	2764	District object (2764)	1	new through import_export	7	1
2174	2025-08-21 17:08:09.448861+05:30	2765	District object (2765)	1	new through import_export	7	1
2175	2025-08-21 17:08:09.460262+05:30	2766	District object (2766)	1	new through import_export	7	1
2176	2025-08-21 17:08:09.47149+05:30	2767	District object (2767)	1	new through import_export	7	1
2177	2025-08-21 17:08:09.482443+05:30	2768	District object (2768)	1	new through import_export	7	1
2178	2025-08-21 17:08:09.493611+05:30	2769	District object (2769)	1	new through import_export	7	1
2179	2025-08-21 17:08:09.504978+05:30	2770	District object (2770)	1	new through import_export	7	1
2180	2025-08-21 17:08:09.516223+05:30	2771	District object (2771)	1	new through import_export	7	1
2181	2025-08-21 17:08:09.5274+05:30	2772	District object (2772)	1	new through import_export	7	1
2182	2025-08-21 17:08:09.538987+05:30	2773	District object (2773)	1	new through import_export	7	1
2183	2025-08-21 17:08:09.549819+05:30	2774	District object (2774)	1	new through import_export	7	1
2184	2025-08-21 17:08:09.561092+05:30	2775	District object (2775)	1	new through import_export	7	1
2185	2025-08-21 17:08:09.572489+05:30	2776	District object (2776)	1	new through import_export	7	1
2186	2025-08-21 17:08:09.583508+05:30	2777	District object (2777)	1	new through import_export	7	1
2187	2025-08-21 17:08:09.594805+05:30	2778	District object (2778)	1	new through import_export	7	1
2188	2025-08-21 17:08:09.605921+05:30	2779	District object (2779)	1	new through import_export	7	1
2189	2025-08-21 17:08:09.617284+05:30	2780	District object (2780)	1	new through import_export	7	1
2190	2025-08-21 17:08:09.628393+05:30	2781	District object (2781)	1	new through import_export	7	1
2191	2025-08-21 17:08:09.639772+05:30	2782	District object (2782)	1	new through import_export	7	1
2192	2025-08-21 17:08:09.65099+05:30	2783	District object (2783)	1	new through import_export	7	1
2193	2025-08-21 17:08:09.662276+05:30	2784	District object (2784)	1	new through import_export	7	1
2194	2025-08-21 17:08:09.674935+05:30	2785	District object (2785)	1	new through import_export	7	1
2195	2025-08-21 17:08:09.686264+05:30	2786	District object (2786)	1	new through import_export	7	1
2196	2025-08-21 17:08:09.697572+05:30	2787	District object (2787)	1	new through import_export	7	1
2197	2025-08-21 17:08:09.708634+05:30	2788	District object (2788)	1	new through import_export	7	1
2198	2025-08-21 17:08:09.719907+05:30	2789	District object (2789)	1	new through import_export	7	1
2199	2025-08-21 17:08:09.731076+05:30	2790	District object (2790)	1	new through import_export	7	1
2200	2025-08-21 17:08:09.742521+05:30	2791	District object (2791)	1	new through import_export	7	1
2201	2025-08-21 17:08:09.753782+05:30	2792	District object (2792)	1	new through import_export	7	1
2202	2025-08-21 17:08:09.76485+05:30	2793	District object (2793)	1	new through import_export	7	1
2203	2025-08-21 17:08:09.776222+05:30	2794	District object (2794)	1	new through import_export	7	1
2204	2025-08-21 17:08:09.787442+05:30	2795	District object (2795)	1	new through import_export	7	1
2205	2025-08-21 17:08:09.798397+05:30	2796	District object (2796)	1	new through import_export	7	1
2206	2025-08-21 17:08:09.809705+05:30	2797	District object (2797)	1	new through import_export	7	1
2207	2025-08-21 17:08:09.821261+05:30	2798	District object (2798)	1	new through import_export	7	1
2208	2025-08-21 17:08:09.832116+05:30	2799	District object (2799)	1	new through import_export	7	1
2209	2025-08-21 17:08:09.843344+05:30	2800	District object (2800)	1	new through import_export	7	1
2210	2025-08-21 17:08:09.954508+05:30	2801	District object (2801)	1	new through import_export	7	1
2211	2025-08-21 17:08:09.965765+05:30	2802	District object (2802)	1	new through import_export	7	1
2212	2025-08-21 17:08:09.976819+05:30	2803	District object (2803)	1	new through import_export	7	1
2213	2025-08-21 17:08:09.988263+05:30	2804	District object (2804)	1	new through import_export	7	1
2214	2025-08-21 17:08:09.999551+05:30	2805	District object (2805)	1	new through import_export	7	1
2215	2025-08-21 17:08:10.010764+05:30	2806	District object (2806)	1	new through import_export	7	1
2216	2025-08-21 17:08:10.021998+05:30	2807	District object (2807)	1	new through import_export	7	1
2217	2025-08-21 17:08:10.033296+05:30	2808	District object (2808)	1	new through import_export	7	1
2218	2025-08-21 17:08:10.04439+05:30	2809	District object (2809)	1	new through import_export	7	1
2219	2025-08-21 17:08:10.055905+05:30	2810	District object (2810)	1	new through import_export	7	1
2220	2025-08-21 17:08:10.06691+05:30	2811	District object (2811)	1	new through import_export	7	1
2221	2025-08-21 17:08:10.078156+05:30	2812	District object (2812)	1	new through import_export	7	1
2222	2025-08-21 17:08:10.089361+05:30	2813	District object (2813)	1	new through import_export	7	1
2223	2025-08-21 17:08:10.100532+05:30	2814	District object (2814)	1	new through import_export	7	1
2224	2025-08-21 17:08:10.111427+05:30	2815	District object (2815)	1	new through import_export	7	1
2225	2025-08-21 17:08:10.123457+05:30	2816	District object (2816)	1	new through import_export	7	1
2226	2025-08-21 17:08:10.134146+05:30	2817	District object (2817)	1	new through import_export	7	1
2227	2025-08-21 17:08:10.145087+05:30	2818	District object (2818)	1	new through import_export	7	1
2228	2025-08-21 17:08:10.156544+05:30	2819	District object (2819)	1	new through import_export	7	1
2229	2025-08-21 17:08:10.167975+05:30	2820	District object (2820)	1	new through import_export	7	1
2230	2025-08-21 17:08:10.179027+05:30	2821	District object (2821)	1	new through import_export	7	1
2231	2025-08-21 17:08:10.190386+05:30	2822	District object (2822)	1	new through import_export	7	1
2232	2025-08-21 17:08:10.201666+05:30	2823	District object (2823)	1	new through import_export	7	1
2233	2025-08-21 17:08:10.212668+05:30	2824	District object (2824)	1	new through import_export	7	1
2234	2025-08-21 17:08:10.224271+05:30	2825	District object (2825)	1	new through import_export	7	1
2235	2025-08-21 17:08:10.235427+05:30	2826	District object (2826)	1	new through import_export	7	1
2236	2025-08-21 17:08:10.246488+05:30	2827	District object (2827)	1	new through import_export	7	1
2237	2025-08-21 17:08:10.257761+05:30	2828	District object (2828)	1	new through import_export	7	1
2238	2025-08-21 17:08:10.269232+05:30	2829	District object (2829)	1	new through import_export	7	1
2239	2025-08-21 17:08:10.280284+05:30	2830	District object (2830)	1	new through import_export	7	1
2240	2025-08-21 17:08:10.291623+05:30	2831	District object (2831)	1	new through import_export	7	1
2241	2025-08-21 17:08:10.302975+05:30	2832	District object (2832)	1	new through import_export	7	1
2242	2025-08-21 17:08:10.313927+05:30	2833	District object (2833)	1	new through import_export	7	1
2243	2025-08-21 17:08:10.325219+05:30	2834	District object (2834)	1	new through import_export	7	1
2244	2025-08-21 17:08:10.336628+05:30	2835	District object (2835)	1	new through import_export	7	1
2245	2025-08-21 17:08:10.347585+05:30	2836	District object (2836)	1	new through import_export	7	1
2246	2025-08-21 17:08:10.358639+05:30	2837	District object (2837)	1	new through import_export	7	1
2247	2025-08-21 17:08:10.370264+05:30	2838	District object (2838)	1	new through import_export	7	1
2248	2025-08-21 17:08:10.381325+05:30	2839	District object (2839)	1	new through import_export	7	1
2249	2025-08-21 17:08:10.392543+05:30	2840	District object (2840)	1	new through import_export	7	1
2250	2025-08-21 17:08:10.403715+05:30	2841	District object (2841)	1	new through import_export	7	1
2251	2025-08-21 17:08:10.415016+05:30	2842	District object (2842)	1	new through import_export	7	1
2252	2025-08-21 17:08:10.426395+05:30	2843	District object (2843)	1	new through import_export	7	1
2253	2025-08-21 17:08:10.437378+05:30	2844	District object (2844)	1	new through import_export	7	1
2254	2025-08-21 17:08:10.448781+05:30	2845	District object (2845)	1	new through import_export	7	1
2255	2025-08-21 17:08:10.459848+05:30	2846	District object (2846)	1	new through import_export	7	1
2256	2025-08-21 17:08:10.470911+05:30	2847	District object (2847)	1	new through import_export	7	1
2257	2025-08-21 17:08:10.482196+05:30	2848	District object (2848)	1	new through import_export	7	1
2258	2025-08-21 17:08:10.493238+05:30	2849	District object (2849)	1	new through import_export	7	1
2259	2025-08-21 17:08:10.504669+05:30	2850	District object (2850)	1	new through import_export	7	1
2260	2025-08-21 17:08:10.515866+05:30	2851	District object (2851)	1	new through import_export	7	1
2261	2025-08-21 17:08:10.527309+05:30	2852	District object (2852)	1	new through import_export	7	1
2262	2025-08-21 17:08:10.538455+05:30	2853	District object (2853)	1	new through import_export	7	1
2263	2025-08-21 17:08:10.549914+05:30	2854	District object (2854)	1	new through import_export	7	1
2264	2025-08-21 17:08:10.560951+05:30	2855	District object (2855)	1	new through import_export	7	1
2265	2025-08-21 17:08:10.572106+05:30	2856	District object (2856)	1	new through import_export	7	1
2266	2025-08-21 17:08:10.583509+05:30	2857	District object (2857)	1	new through import_export	7	1
2267	2025-08-21 17:08:10.594776+05:30	2858	District object (2858)	1	new through import_export	7	1
2268	2025-08-21 17:08:10.6063+05:30	2859	District object (2859)	1	new through import_export	7	1
2269	2025-08-21 17:08:10.61751+05:30	2860	District object (2860)	1	new through import_export	7	1
2270	2025-08-21 17:08:10.628518+05:30	2861	District object (2861)	1	new through import_export	7	1
2271	2025-08-21 17:08:10.639878+05:30	2862	District object (2862)	1	new through import_export	7	1
2272	2025-08-21 17:08:10.650935+05:30	2863	District object (2863)	1	new through import_export	7	1
2273	2025-08-21 17:08:10.66224+05:30	2864	District object (2864)	1	new through import_export	7	1
2274	2025-08-21 17:08:10.67336+05:30	2865	District object (2865)	1	new through import_export	7	1
2275	2025-08-21 17:08:10.684657+05:30	2866	District object (2866)	1	new through import_export	7	1
2276	2025-08-21 17:08:10.695886+05:30	2867	District object (2867)	1	new through import_export	7	1
2277	2025-08-21 17:08:10.707293+05:30	2868	District object (2868)	1	new through import_export	7	1
2278	2025-08-21 17:08:10.718673+05:30	2869	District object (2869)	1	new through import_export	7	1
2279	2025-08-21 17:08:10.729514+05:30	2870	District object (2870)	1	new through import_export	7	1
2280	2025-08-21 17:08:10.740748+05:30	2871	District object (2871)	1	new through import_export	7	1
2281	2025-08-21 17:08:10.752382+05:30	2872	District object (2872)	1	new through import_export	7	1
2282	2025-08-21 17:08:10.763213+05:30	2873	District object (2873)	1	new through import_export	7	1
2283	2025-08-21 17:08:10.774541+05:30	2874	District object (2874)	1	new through import_export	7	1
2284	2025-08-21 17:08:10.785874+05:30	2875	District object (2875)	1	new through import_export	7	1
2285	2025-08-21 17:08:10.796896+05:30	2876	District object (2876)	1	new through import_export	7	1
2286	2025-08-21 17:08:10.808068+05:30	2877	District object (2877)	1	new through import_export	7	1
2287	2025-08-21 17:08:10.819271+05:30	2878	District object (2878)	1	new through import_export	7	1
2288	2025-08-21 17:08:10.832016+05:30	2879	District object (2879)	1	new through import_export	7	1
2289	2025-08-21 17:08:10.84338+05:30	2880	District object (2880)	1	new through import_export	7	1
2290	2025-08-21 17:08:10.854533+05:30	2881	District object (2881)	1	new through import_export	7	1
2291	2025-08-21 17:08:10.865826+05:30	2882	District object (2882)	1	new through import_export	7	1
2292	2025-08-21 17:08:10.877077+05:30	2883	District object (2883)	1	new through import_export	7	1
2293	2025-08-21 17:08:10.888379+05:30	2884	District object (2884)	1	new through import_export	7	1
2294	2025-08-21 17:08:10.899349+05:30	2885	District object (2885)	1	new through import_export	7	1
2295	2025-08-21 17:08:10.910332+05:30	2886	District object (2886)	1	new through import_export	7	1
2296	2025-08-21 17:08:10.921548+05:30	2887	District object (2887)	1	new through import_export	7	1
2297	2025-08-21 17:08:10.932845+05:30	2888	District object (2888)	1	new through import_export	7	1
2298	2025-08-21 17:08:10.944306+05:30	2889	District object (2889)	1	new through import_export	7	1
2299	2025-08-21 17:08:10.955681+05:30	2890	District object (2890)	1	new through import_export	7	1
2300	2025-08-21 17:08:10.967218+05:30	2891	District object (2891)	1	new through import_export	7	1
2301	2025-08-21 17:08:10.97821+05:30	2892	District object (2892)	1	new through import_export	7	1
2302	2025-08-21 17:08:10.989985+05:30	2893	District object (2893)	1	new through import_export	7	1
2303	2025-08-21 17:08:11.001309+05:30	2894	District object (2894)	1	new through import_export	7	1
2304	2025-08-21 17:08:11.012252+05:30	2895	District object (2895)	1	new through import_export	7	1
2305	2025-08-21 17:08:11.023605+05:30	2896	District object (2896)	1	new through import_export	7	1
2306	2025-08-21 17:08:11.03475+05:30	2897	District object (2897)	1	new through import_export	7	1
2307	2025-08-21 17:08:11.045865+05:30	2898	District object (2898)	1	new through import_export	7	1
2308	2025-08-21 17:08:11.057229+05:30	2899	District object (2899)	1	new through import_export	7	1
2309	2025-08-21 17:08:11.068454+05:30	2900	District object (2900)	1	new through import_export	7	1
2310	2025-08-21 17:08:11.079653+05:30	2901	District object (2901)	1	new through import_export	7	1
2311	2025-08-21 17:08:11.09087+05:30	2902	District object (2902)	1	new through import_export	7	1
2312	2025-08-21 17:08:11.102017+05:30	2903	District object (2903)	1	new through import_export	7	1
2313	2025-08-21 17:08:11.113341+05:30	2904	District object (2904)	1	new through import_export	7	1
2314	2025-08-21 17:08:11.124465+05:30	2905	District object (2905)	1	new through import_export	7	1
2315	2025-08-21 17:08:11.135357+05:30	2906	District object (2906)	1	new through import_export	7	1
2316	2025-08-21 17:08:11.146629+05:30	2907	District object (2907)	1	new through import_export	7	1
2317	2025-08-21 17:08:11.158028+05:30	2908	District object (2908)	1	new through import_export	7	1
2318	2025-08-21 17:08:11.181939+05:30	2909	District object (2909)	1	new through import_export	7	1
2319	2025-08-21 17:08:11.192858+05:30	2910	District object (2910)	1	new through import_export	7	1
2320	2025-08-21 17:08:11.204241+05:30	2911	District object (2911)	1	new through import_export	7	1
2321	2025-08-21 17:08:11.215504+05:30	2912	District object (2912)	1	new through import_export	7	1
2322	2025-08-21 17:08:11.226584+05:30	2913	District object (2913)	1	new through import_export	7	1
2323	2025-08-21 17:08:11.237948+05:30	2914	District object (2914)	1	new through import_export	7	1
2324	2025-08-21 17:08:11.249271+05:30	2915	District object (2915)	1	new through import_export	7	1
2325	2025-08-21 17:08:11.260521+05:30	2916	District object (2916)	1	new through import_export	7	1
2326	2025-08-21 17:08:11.27165+05:30	2917	District object (2917)	1	new through import_export	7	1
2327	2025-08-21 17:08:11.282972+05:30	2918	District object (2918)	1	new through import_export	7	1
2328	2025-08-21 17:08:11.293876+05:30	2919	District object (2919)	1	new through import_export	7	1
2329	2025-08-21 17:08:11.305475+05:30	2920	District object (2920)	1	new through import_export	7	1
2330	2025-08-21 17:08:11.316808+05:30	2921	District object (2921)	1	new through import_export	7	1
2331	2025-08-21 17:08:11.327695+05:30	2922	District object (2922)	1	new through import_export	7	1
2332	2025-08-21 17:08:11.338874+05:30	2923	District object (2923)	1	new through import_export	7	1
2333	2025-08-21 17:08:11.350345+05:30	2924	District object (2924)	1	new through import_export	7	1
2334	2025-08-21 17:08:11.361332+05:30	2925	District object (2925)	1	new through import_export	7	1
2335	2025-08-21 17:08:11.372615+05:30	2926	District object (2926)	1	new through import_export	7	1
2336	2025-08-21 17:08:11.384157+05:30	2927	District object (2927)	1	new through import_export	7	1
2337	2025-08-21 17:08:11.495072+05:30	2928	District object (2928)	1	new through import_export	7	1
2338	2025-08-21 17:08:11.506316+05:30	2929	District object (2929)	1	new through import_export	7	1
2339	2025-08-21 17:08:11.517442+05:30	2930	District object (2930)	1	new through import_export	7	1
2340	2025-08-21 17:08:11.528768+05:30	2931	District object (2931)	1	new through import_export	7	1
2341	2025-08-21 17:08:11.539924+05:30	2932	District object (2932)	1	new through import_export	7	1
2342	2025-08-21 17:08:11.551154+05:30	2934	District object (2934)	1	new through import_export	7	1
2343	2025-08-21 17:08:11.562319+05:30	2935	District object (2935)	1	new through import_export	7	1
2344	2025-08-21 17:08:11.573627+05:30	2936	District object (2936)	1	new through import_export	7	1
2345	2025-08-21 17:08:11.585072+05:30	2937	District object (2937)	1	new through import_export	7	1
2346	2025-08-21 17:08:11.608204+05:30	2938	District object (2938)	1	new through import_export	7	1
2347	2025-08-21 17:08:11.630792+05:30	2939	District object (2939)	1	new through import_export	7	1
2348	2025-08-21 17:08:11.665158+05:30	2940	District object (2940)	1	new through import_export	7	1
2349	2025-08-21 17:08:11.689299+05:30	2941	District object (2941)	1	new through import_export	7	1
2350	2025-08-28 14:51:04.368204+05:30	4	2012-2006	2	[{"changed": {"fields": ["Eofficnumber"]}}]	10	1
2351	2025-09-01 12:32:58.297732+05:30	1	1	2	[]	13	1
2352	2025-09-01 12:33:59.683309+05:30	5	5	2	[]	13	1
2353	2025-09-01 12:36:08.079991+05:30	1	1	2	[]	13	1
2354	2025-09-01 12:36:50.349935+05:30	1	1	2	[]	13	1
2355	2025-09-01 14:42:42.441697+05:30	6	6	3		13	1
2356	2025-09-01 14:46:25.540386+05:30	2	2	2	[]	13	1
2357	2025-09-29 11:23:52.742901+05:30	5	None	3		9	1
2358	2025-10-14 14:56:19.612205+05:30	13	13	2	[]	14	1
2359	2025-10-15 16:52:58.898927+05:30	10	10	2	[]	13	1
2360	2025-10-15 16:57:30.868078+05:30	10	10	3		13	1
2361	2025-10-16 14:37:08.620317+05:30	13	13	3		13	1
2362	2025-10-16 15:11:43.274225+05:30	14	14	3		13	1
2363	2025-10-23 12:39:37.839549+05:30	17	17	3		13	1
2364	2025-10-23 12:42:20.861959+05:30	18	18	3		13	1
2365	2025-10-23 12:51:58.467425+05:30	1	1	3		15	1
2366	2025-10-23 12:52:07.236968+05:30	19	19	3		13	1
2367	2025-10-23 12:58:03.817837+05:30	2	2	2	[]	15	1
2368	2025-10-23 12:58:43.05201+05:30	20	20	2	[]	13	1
2369	2025-10-23 13:00:14.053608+05:30	20	20	2	[]	13	1
2370	2025-10-23 13:06:52.670804+05:30	20	20	2	[]	13	1
2371	2025-10-23 14:37:59.023801+05:30	16	16	2	[]	13	1
2372	2025-10-23 14:38:04.598653+05:30	15	15	2	[]	13	1
2373	2025-10-23 15:19:40.529422+05:30	20	20	3		14	1
2374	2025-10-24 11:49:40.306876+05:30	22	22	3		14	1
2375	2025-10-28 14:41:57.722054+05:30	59	59	3		13	1
2376	2025-10-28 14:42:03.132267+05:30	58	58	3		13	1
2377	2025-10-28 14:42:08.547641+05:30	57	57	3		13	1
2378	2025-10-28 14:42:13.161676+05:30	56	56	3		13	1
2379	2025-10-29 09:48:54.932638+05:30	31	31	3		14	1
2380	2025-10-29 10:03:40.188205+05:30	30	30	3		14	1
2381	2025-10-29 10:03:44.72335+05:30	29	29	3		14	1
2382	2025-10-29 10:03:50.650416+05:30	28	28	3		14	1
2383	2025-10-29 10:03:55.995506+05:30	27	27	3		14	1
2384	2025-10-29 10:04:00.769343+05:30	26	26	3		14	1
2385	2025-10-29 10:15:51.95641+05:30	60	60	3		13	1
2386	2025-10-29 10:17:25.820665+05:30	61	61	3		13	1
2387	2025-10-29 12:00:40.369115+05:30	62	62	3		13	1
2388	2025-10-29 12:03:16.065541+05:30	63	63	3		13	1
2389	2025-10-29 12:04:19.390598+05:30	64	64	3		13	1
2390	2025-10-29 12:07:29.491078+05:30	65	65	3		13	1
2391	2025-10-29 12:12:06.763619+05:30	66	66	3		13	1
2392	2025-10-29 12:13:57.385425+05:30	67	67	3		13	1
2393	2025-10-31 14:40:15.900497+05:30	36	36	3		14	1
2394	2025-11-03 14:43:22.701027+05:30	69	69	3		13	1
2395	2025-11-03 14:43:54.533212+05:30	38	38	3		14	1
2398	2025-11-03 14:44:54.844233+05:30	27	1st-Dr ABC-(Delhi)-2023-52452	2	[{"changed": {"fields": ["Remain tr amount"]}}]	11	1
2399	2025-11-03 14:45:36.727299+05:30	28	2nd-Dr ABC-(Delhi)-2023-52452	2	[{"changed": {"fields": ["Subtotal", "Remain tr amount", "Interest tr amount", "Transfer from to", "Uc submit"]}}]	11	1
2400	2025-11-03 14:46:23.164752+05:30	28	2nd-Dr ABC-(Delhi)-2023-52452	2	[{"changed": {"fields": ["Interest", "Remainamount", "Carry forward amount", "Subtotal"]}}]	11	1
2401	2025-11-03 14:46:44.559097+05:30	29	3rd-Dr ABC-(Delhi)-2023-52452	2	[{"changed": {"fields": ["Carry forward amount", "Subtotal"]}}]	11	1
2402	2025-11-03 14:47:25.089737+05:30	34	34	2	[]	14	1
2403	2025-11-03 14:47:43.325322+05:30	68	68	2	[]	13	1
2404	2025-11-03 14:53:57.951219+05:30	68	68	2	[]	13	1
\.


--
-- Data for Name: django_content_type; Type: TABLE DATA; Schema: public; Owner: postgres
--

COPY public.django_content_type (id, app_label, model) FROM stdin;
1	admin	logentry
2	auth	permission
3	auth	group
4	auth	user
5	contenttypes	contenttype
6	sessions	session
7	account	district
8	account	state
9	account	projectpidetail
10	account	projectdetail
11	account	financialdetail
12	account	institutedetail
13	account	usedbalance
14	account	releasebuget
15	account	balancesheet
\.


--
-- Data for Name: django_migrations; Type: TABLE DATA; Schema: public; Owner: postgres
--

COPY public.django_migrations (id, app, name, applied) FROM stdin;
1	contenttypes	0001_initial	2025-08-21 12:30:45.668022+05:30
2	auth	0001_initial	2025-08-21 12:30:46.330367+05:30
3	account	0001_initial	2025-08-21 12:30:46.874313+05:30
4	account	0002_district_dummy_state_dummy_state_latitude_and_more	2025-08-21 12:30:46.981176+05:30
5	account	0003_alter_financialdetail_total	2025-08-21 12:30:47.166227+05:30
6	account	0004_remove_projectpidetail_duration_and_more	2025-08-21 12:30:47.20119+05:30
7	account	0005_remove_projectdetail_irisid_and_more	2025-08-21 12:30:47.538919+05:30
8	account	0006_rename_district_projectpidetail_district_pi_and_more	2025-08-21 12:30:47.715687+05:30
9	account	0007_alter_financialdetail_year	2025-08-21 12:30:47.845369+05:30
10	account	0008_projectdetail_approvalfile_and_more	2025-08-21 12:30:47.877325+05:30
11	account	0009_remove_projectdetail_projectpi_and_more	2025-08-21 12:30:48.009724+05:30
12	account	0010_usedbalance_releasebuget	2025-08-21 12:30:48.326616+05:30
13	account	0011_releasebuget_release_no_usedbalance_uc_no	2025-08-21 12:30:48.365414+05:30
14	account	0012_financialdetail_comment_financialdetail_interest_and_more	2025-08-21 12:30:48.522723+05:30
15	account	0013_alter_financialdetail_contingencies_and_more	2025-08-21 12:30:48.675178+05:30
16	account	0014_alter_projectdetail_projectpi	2025-08-21 12:30:48.701296+05:30
17	account	0015_projectdetail_prc_date	2025-08-21 12:30:48.724492+05:30
18	account	0016_remove_financialdetail_fileupload	2025-08-21 12:30:48.74899+05:30
19	account	0017_alter_projectdetail_proposalfile_and_more	2025-08-21 12:30:48.783239+05:30
20	account	0018_alter_releasebuget_release_no_and_more	2025-08-21 12:30:48.989737+05:30
21	account	0019_financialdetail_carry_forward_amount_and_more	2025-08-21 12:30:49.051087+05:30
22	admin	0001_initial	2025-08-21 12:30:49.192537+05:30
23	admin	0002_logentry_remove_auto_add	2025-08-21 12:30:49.223496+05:30
24	admin	0003_logentry_add_action_flag_choices	2025-08-21 12:30:49.245946+05:30
25	contenttypes	0002_remove_content_type_name	2025-08-21 12:30:49.270736+05:30
26	auth	0002_alter_permission_name_max_length	2025-08-21 12:30:49.287575+05:30
27	auth	0003_alter_user_email_max_length	2025-08-21 12:30:49.311267+05:30
28	auth	0004_alter_user_username_opts	2025-08-21 12:30:49.333531+05:30
29	auth	0005_alter_user_last_login_null	2025-08-21 12:30:49.358204+05:30
30	auth	0006_require_contenttypes_0002	2025-08-21 12:30:49.369685+05:30
31	auth	0007_alter_validators_add_error_messages	2025-08-21 12:30:49.396534+05:30
32	auth	0008_alter_user_username_max_length	2025-08-21 12:30:49.438901+05:30
33	auth	0009_alter_user_last_name_max_length	2025-08-21 12:30:49.46437+05:30
34	auth	0010_alter_group_name_max_length	2025-08-21 12:30:49.664953+05:30
35	auth	0011_update_proxy_permissions	2025-08-21 12:30:49.679588+05:30
36	auth	0012_alter_user_first_name_max_length	2025-08-21 12:30:49.690623+05:30
37	sessions	0001_initial	2025-08-21 12:30:49.812516+05:30
38	account	0020_projectdetail_project_type_and_more	2025-08-28 13:10:36.691933+05:30
39	account	0021_alter_projectdetail_eofficnumber	2025-08-28 14:51:10.395852+05:30
40	account	0022_alter_projectdetail_eofficnumber	2025-08-29 12:36:40.87303+05:30
41	account	0023_alter_usedbalance_uc_no	2025-09-01 12:35:42.175429+05:30
42	account	0024_alter_projectdetail_end_date_and_more	2025-09-08 15:58:33.701527+05:30
43	account	0025_alter_projectdetail_project_type_and_more	2025-09-18 15:49:33.091967+05:30
44	account	0026_balancesheet	2025-10-23 12:29:06.734843+05:30
45	account	0027_balancesheet_interest	2025-10-27 12:51:10.511468+05:30
\.


--
-- Data for Name: django_session; Type: TABLE DATA; Schema: public; Owner: postgres
--

COPY public.django_session (session_key, session_data, expire_date) FROM stdin;
qvjnqdba4bfvf5lwghvwk2t4rlfww2ei	.eJxVjMEOwiAQRP-FsyFl2Rbq0Xu_oVnYVaoGktKejP-uJD3oaZJ5b-alZtq3NO9V1nlhdVZGnX67QPEhuQG-U74VHUve1iXopuiDVj0VluflcP8OEtXU1nYAHMYYCMRCBENxNAJM1n0jsLPokHyPTpgBfXe1nnqKHjpAFlTvD-EeN74:1upJZt:xxyX0vc19FZQJj7jOWS9-popno5RfE-_IAJ3PCHgM94	2025-09-05 10:10:37.465566+05:30
hrnilzm8j3sqyu6oxheicqhovd9xrmvw	.eJxVjMEOwiAQRP-FsyFl2Rbq0Xu_oVnYVaoGktKejP-uJD3oaZJ5b-alZtq3NO9V1nlhdVZGnX67QPEhuQG-U74VHUve1iXopuiDVj0VluflcP8OEtXU1nYAHMYYCMRCBENxNAJM1n0jsLPokHyPTpgBfXe1nnqKHjpAFlTvD-EeN74:1uqQ5z:2OTq9iBXNlqF_mXOdw0dImuUMi_U00dp2XsLAf2Z6SM	2025-09-08 11:20:19.181422+05:30
xmsgk432xxmfah3wo2kqg2v5jqrjz855	.eJxVjMEOwiAQRP-FsyFl2Rbq0Xu_oVnYVaoGktKejP-uJD3oaZJ5b-alZtq3NO9V1nlhdVZGnX67QPEhuQG-U74VHUve1iXopuiDVj0VluflcP8OEtXU1nYAHMYYCMRCBENxNAJM1n0jsLPokHyPTpgBfXe1nnqKHjpAFlTvD-EeN74:1uqQ9E:sdCeXTEOU1LeNwelNfZhtTvfkAUrtb_3EJTnphPEDDg	2025-09-08 11:23:40.393495+05:30
1bfns7gsjbhpxgl1bka3d3d134b91y6b	.eJxVjMEOwiAQRP-FsyFl2Rbq0Xu_oVnYVaoGktKejP-uJD3oaZJ5b-alZtq3NO9V1nlhdVZGnX67QPEhuQG-U74VHUve1iXopuiDVj0VluflcP8OEtXU1nYAHMYYCMRCBENxNAJM1n0jsLPokHyPTpgBfXe1nnqKHjpAFlTvD-EeN74:1uqmu6:7gMrxk2sa4GK9ovirMrkBCCtkwa4dwvJfUbN1G9ksrA	2025-09-09 11:41:34.912599+05:30
ybds3gp7yszr1tl8bs1dajemtmc6vchb	.eJxVjMEOwiAQRP-FsyFl2Rbq0Xu_oVnYVaoGktKejP-uJD3oaZJ5b-alZtq3NO9V1nlhdVZGnX67QPEhuQG-U74VHUve1iXopuiDVj0VluflcP8OEtXU1nYAHMYYCMRCBENxNAJM1n0jsLPokHyPTpgBfXe1nnqKHjpAFlTvD-EeN74:1ur9Q9:SNLLx3zdFnphFbVPF8jPccd2uxykfeOZgbnIwf_YOoQ	2025-09-10 11:44:09.933882+05:30
op11yzdfscgm74mpozm68zgcy27de7co	.eJxVjMEOwiAQRP-FsyFl2Rbq0Xu_oVnYVaoGktKejP-uJD3oaZJ5b-alZtq3NO9V1nlhdVZGnX67QPEhuQG-U74VHUve1iXopuiDVj0VluflcP8OEtXU1nYAHMYYCMRCBENxNAJM1n0jsLPokHyPTpgBfXe1nnqKHjpAFlTvD-EeN74:1urBuX:B4470mUl81T5mgx2Nt-an8xGu20GE0P2y_ssZ8zDWEo	2025-09-10 14:23:41.566911+05:30
ph8ud0mia40el3n59kkulu17tfk8gcww	.eJxVjMEOwiAQRP-FsyFl2Rbq0Xu_oVnYVaoGktKejP-uJD3oaZJ5b-alZtq3NO9V1nlhdVZGnX67QPEhuQG-U74VHUve1iXopuiDVj0VluflcP8OEtXU1nYAHMYYCMRCBENxNAJM1n0jsLPokHyPTpgBfXe1nnqKHjpAFlTvD-EeN74:1urrpl:9H-ONTXYzRHJfu-fDn2_fbQOGSepcczJHOOC_pGFwLM	2025-09-12 11:09:33.433168+05:30
p8o7djf8uc5qqqjaji45z2534qojjl2j	.eJxVjMEOwiAQRP-FsyFl2Rbq0Xu_oVnYVaoGktKejP-uJD3oaZJ5b-alZtq3NO9V1nlhdVZGnX67QPEhuQG-U74VHUve1iXopuiDVj0VluflcP8OEtXU1nYAHMYYCMRCBENxNAJM1n0jsLPokHyPTpgBfXe1nnqKHjpAFlTvD-EeN74:1uvpxF:wDAyNSR4VrK8D0Wh2-JQQxr9c7N83KGgfl-sJGhwFio	2025-09-23 09:57:41.713221+05:30
jka1anjzjb35p9mxgl8izijrkc4sg7gl	.eJxVjMEOwiAQRP-FsyFl2Rbq0Xu_oVnYVaoGktKejP-uJD3oaZJ5b-alZtq3NO9V1nlhdVZGnX67QPEhuQG-U74VHUve1iXopuiDVj0VluflcP8OEtXU1nYAHMYYCMRCBENxNAJM1n0jsLPokHyPTpgBfXe1nnqKHjpAFlTvD-EeN74:1uwdez:ggB4YWoT3rhTJc_mtaT3mw1gyzadN_sXzu8JDNFKm4w	2025-09-25 15:02:09.155662+05:30
lzqine7oa5rtziegb9t6utxrsqtwx7xx	.eJxVjMEOwiAQRP-FsyFl2Rbq0Xu_oVnYVaoGktKejP-uJD3oaZJ5b-alZtq3NO9V1nlhdVZGnX67QPEhuQG-U74VHUve1iXopuiDVj0VluflcP8OEtXU1nYAHMYYCMRCBENxNAJM1n0jsLPokHyPTpgBfXe1nnqKHjpAFlTvD-EeN74:1v0YnD:qPwh5N_A9lDtwcCLNxmV1jtW2Y0OymJXAUc08OVL75E	2025-10-06 10:38:51.382506+05:30
gkyvwwkj0qs18ipo5fswzv5riqgu2bcf	.eJxVjMEOwiAQRP-FsyFl2Rbq0Xu_oVnYVaoGktKejP-uJD3oaZJ5b-alZtq3NO9V1nlhdVZGnX67QPEhuQG-U74VHUve1iXopuiDVj0VluflcP8OEtXU1nYAHMYYCMRCBENxNAJM1n0jsLPokHyPTpgBfXe1nnqKHjpAFlTvD-EeN74:1v0Z82:jbfaXTxYKvyLqDop-qQVHPdgL2KcFdFCPR4M-XKre6k	2025-10-06 11:00:22.848404+05:30
ntyet6t14u8xmisbs60rgr1qzuwdjla9	.eJxVjMEOwiAQRP-FsyFl2Rbq0Xu_oVnYVaoGktKejP-uJD3oaZJ5b-alZtq3NO9V1nlhdVZGnX67QPEhuQG-U74VHUve1iXopuiDVj0VluflcP8OEtXU1nYAHMYYCMRCBENxNAJM1n0jsLPokHyPTpgBfXe1nnqKHjpAFlTvD-EeN74:1v106x:awTQ3SPwawiaeDXI31tp0UPUnzJT9Ktu9W9aXaFo1fI	2025-10-07 15:49:03.311993+05:30
np1414fzsxnb6zdjjhi7mkhqzhh9co6g	.eJxVjMEOwiAQRP-FsyFl2Rbq0Xu_oVnYVaoGktKejP-uJD3oaZJ5b-alZtq3NO9V1nlhdVZGnX67QPEhuQG-U74VHUve1iXopuiDVj0VluflcP8OEtXU1nYAHMYYCMRCBENxNAJM1n0jsLPokHyPTpgBfXe1nnqKHjpAFlTvD-EeN74:1v6O5l:km-T8D9Y6-XwnxnsiiAWO3VmGQEKbvQDSyKEHv51qv0	2025-10-22 12:26:05.477156+05:30
j1w4rgt9fog7tuyhbsz640o8atz8apal	.eJxVjMEOwiAQRP-FsyFl2Rbq0Xu_oVnYVaoGktKejP-uJD3oaZJ5b-alZtq3NO9V1nlhdVZGnX67QPEhuQG-U74VHUve1iXopuiDVj0VluflcP8OEtXU1nYAHMYYCMRCBENxNAJM1n0jsLPokHyPTpgBfXe1nnqKHjpAFlTvD-EeN74:1v6S6K:1CNUX2WwTGsrq7HYoZNXODhaS9t65VwJhKbU10YNFNg	2025-10-22 16:42:56.170034+05:30
d9j1rz5dvywih0jljecsztg25k9t40oa	.eJxVjMEOwiAQRP-FsyFl2Rbq0Xu_oVnYVaoGktKejP-uJD3oaZJ5b-alZtq3NO9V1nlhdVZGnX67QPEhuQG-U74VHUve1iXopuiDVj0VluflcP8OEtXU1nYAHMYYCMRCBENxNAJM1n0jsLPokHyPTpgBfXe1nnqKHjpAFlTvD-EeN74:1v9e8T:4BaE91-_vTYf_MetOMvQrUmIMiyFs-x66x0EIDXmLlI	2025-10-31 12:10:21.572461+05:30
x65gevu0pzu1inw4jkw5v8neevamm59x	.eJxVjMEOwiAQRP-FsyFl2Rbq0Xu_oVnYVaoGktKejP-uJD3oaZJ5b-alZtq3NO9V1nlhdVZGnX67QPEhuQG-U74VHUve1iXopuiDVj0VluflcP8OEtXU1nYAHMYYCMRCBENxNAJM1n0jsLPokHyPTpgBfXe1nnqKHjpAFlTvD-EeN74:1vBnqi:zOGCxYetFVHSHyk8lKD96SvTLCaIH7i0kS6561pATIg	2025-11-06 10:56:56.596098+05:30
hux7e3x61gdk5ufq03ffdnub2tsac15z	.eJxVjMEOwiAQRP-FsyFl2Rbq0Xu_oVnYVaoGktKejP-uJD3oaZJ5b-alZtq3NO9V1nlhdVZGnX67QPEhuQG-U74VHUve1iXopuiDVj0VluflcP8OEtXU1nYAHMYYCMRCBENxNAJM1n0jsLPokHyPTpgBfXe1nnqKHjpAFlTvD-EeN74:1vEKFj:VNO-cQ2S0eh0SysFDfYXTR2RnrFJ9zIEYQ8jNEkotrM	2025-11-13 09:57:11.842808+05:30
f1dtqtrexab5oeqwfhohh9h364uraihm	.eJxVjMEOwiAQRP-FsyFl2Rbq0Xu_oVnYVaoGktKejP-uJD3oaZJ5b-alZtq3NO9V1nlhdVZGnX67QPEhuQG-U74VHUve1iXopuiDVj0VluflcP8OEtXU1nYAHMYYCMRCBENxNAJM1n0jsLPokHyPTpgBfXe1nnqKHjpAFlTvD-EeN74:1vFoG1:wRIfa1XhRZAC1cs5lhCsXYxhXQKyfSnWlJcORpgvLw8	2025-11-17 12:11:37.623432+05:30
\.


--
-- Name: account_balancesheet_id_seq; Type: SEQUENCE SET; Schema: public; Owner: postgres
--

SELECT pg_catalog.setval('public.account_balancesheet_id_seq', 40, true);


--
-- Name: account_district_id_seq; Type: SEQUENCE SET; Schema: public; Owner: postgres
--

SELECT pg_catalog.setval('public.account_district_id_seq', 2941, true);


--
-- Name: account_financialdetail_id_seq; Type: SEQUENCE SET; Schema: public; Owner: postgres
--

SELECT pg_catalog.setval('public.account_financialdetail_id_seq', 29, true);


--
-- Name: account_institutedetail_id_seq; Type: SEQUENCE SET; Schema: public; Owner: postgres
--

SELECT pg_catalog.setval('public.account_institutedetail_id_seq', 3, true);


--
-- Name: account_projectdetail_id_seq; Type: SEQUENCE SET; Schema: public; Owner: postgres
--

SELECT pg_catalog.setval('public.account_projectdetail_id_seq', 9, true);


--
-- Name: account_projectdetail_projectpi_id_seq; Type: SEQUENCE SET; Schema: public; Owner: postgres
--

SELECT pg_catalog.setval('public.account_projectdetail_projectpi_id_seq', 12, true);


--
-- Name: account_projectpidetail_id_seq; Type: SEQUENCE SET; Schema: public; Owner: postgres
--

SELECT pg_catalog.setval('public.account_projectpidetail_id_seq', 9, true);


--
-- Name: account_releasebuget_id_seq; Type: SEQUENCE SET; Schema: public; Owner: postgres
--

SELECT pg_catalog.setval('public.account_releasebuget_id_seq', 38, true);


--
-- Name: account_state_id_seq; Type: SEQUENCE SET; Schema: public; Owner: postgres
--

SELECT pg_catalog.setval('public.account_state_id_seq', 109, true);


--
-- Name: account_usedbalance_id_seq; Type: SEQUENCE SET; Schema: public; Owner: postgres
--

SELECT pg_catalog.setval('public.account_usedbalance_id_seq', 69, true);


--
-- Name: auth_group_id_seq; Type: SEQUENCE SET; Schema: public; Owner: postgres
--

SELECT pg_catalog.setval('public.auth_group_id_seq', 2, true);


--
-- Name: auth_group_permissions_id_seq; Type: SEQUENCE SET; Schema: public; Owner: postgres
--

SELECT pg_catalog.setval('public.auth_group_permissions_id_seq', 1, false);


--
-- Name: auth_permission_id_seq; Type: SEQUENCE SET; Schema: public; Owner: postgres
--

SELECT pg_catalog.setval('public.auth_permission_id_seq', 60, true);


--
-- Name: auth_user_groups_id_seq; Type: SEQUENCE SET; Schema: public; Owner: postgres
--

SELECT pg_catalog.setval('public.auth_user_groups_id_seq', 1, true);


--
-- Name: auth_user_id_seq; Type: SEQUENCE SET; Schema: public; Owner: postgres
--

SELECT pg_catalog.setval('public.auth_user_id_seq', 1, true);


--
-- Name: auth_user_user_permissions_id_seq; Type: SEQUENCE SET; Schema: public; Owner: postgres
--

SELECT pg_catalog.setval('public.auth_user_user_permissions_id_seq', 1, false);


--
-- Name: django_admin_log_id_seq; Type: SEQUENCE SET; Schema: public; Owner: postgres
--

SELECT pg_catalog.setval('public.django_admin_log_id_seq', 2404, true);


--
-- Name: django_content_type_id_seq; Type: SEQUENCE SET; Schema: public; Owner: postgres
--

SELECT pg_catalog.setval('public.django_content_type_id_seq', 15, true);


--
-- Name: django_migrations_id_seq; Type: SEQUENCE SET; Schema: public; Owner: postgres
--

SELECT pg_catalog.setval('public.django_migrations_id_seq', 45, true);


--
-- Name: account_balancesheet account_balancesheet_pkey; Type: CONSTRAINT; Schema: public; Owner: postgres
--

ALTER TABLE ONLY public.account_balancesheet
    ADD CONSTRAINT account_balancesheet_pkey PRIMARY KEY (id);


--
-- Name: account_district account_district_pkey; Type: CONSTRAINT; Schema: public; Owner: postgres
--

ALTER TABLE ONLY public.account_district
    ADD CONSTRAINT account_district_pkey PRIMARY KEY (id);


--
-- Name: account_financialdetail account_financialdetail_pkey; Type: CONSTRAINT; Schema: public; Owner: postgres
--

ALTER TABLE ONLY public.account_financialdetail
    ADD CONSTRAINT account_financialdetail_pkey PRIMARY KEY (id);


--
-- Name: account_institutedetail account_institutedetail_pkey; Type: CONSTRAINT; Schema: public; Owner: postgres
--

ALTER TABLE ONLY public.account_institutedetail
    ADD CONSTRAINT account_institutedetail_pkey PRIMARY KEY (id);


--
-- Name: account_projectdetail account_projectdetail_pkey; Type: CONSTRAINT; Schema: public; Owner: postgres
--

ALTER TABLE ONLY public.account_projectdetail
    ADD CONSTRAINT account_projectdetail_pkey PRIMARY KEY (id);


--
-- Name: account_projectdetail_projectpi account_projectdetail_pr_projectdetail_id_project_55c161ae_uniq; Type: CONSTRAINT; Schema: public; Owner: postgres
--

ALTER TABLE ONLY public.account_projectdetail_projectpi
    ADD CONSTRAINT account_projectdetail_pr_projectdetail_id_project_55c161ae_uniq UNIQUE (projectdetail_id, projectpidetail_id);


--
-- Name: account_projectdetail_projectpi account_projectdetail_projectpi_pkey; Type: CONSTRAINT; Schema: public; Owner: postgres
--

ALTER TABLE ONLY public.account_projectdetail_projectpi
    ADD CONSTRAINT account_projectdetail_projectpi_pkey PRIMARY KEY (id);


--
-- Name: account_projectpidetail account_projectpidetail_pkey; Type: CONSTRAINT; Schema: public; Owner: postgres
--

ALTER TABLE ONLY public.account_projectpidetail
    ADD CONSTRAINT account_projectpidetail_pkey PRIMARY KEY (id);


--
-- Name: account_releasebuget account_releasebuget_pkey; Type: CONSTRAINT; Schema: public; Owner: postgres
--

ALTER TABLE ONLY public.account_releasebuget
    ADD CONSTRAINT account_releasebuget_pkey PRIMARY KEY (id);


--
-- Name: account_releasebuget account_releasebuget_projectpi_id_projectdeta_cad0e420_uniq; Type: CONSTRAINT; Schema: public; Owner: postgres
--

ALTER TABLE ONLY public.account_releasebuget
    ADD CONSTRAINT account_releasebuget_projectpi_id_projectdeta_cad0e420_uniq UNIQUE (projectpi_id, projectdetail_id, finance_id, release_no);


--
-- Name: account_state account_state_pkey; Type: CONSTRAINT; Schema: public; Owner: postgres
--

ALTER TABLE ONLY public.account_state
    ADD CONSTRAINT account_state_pkey PRIMARY KEY (id);


--
-- Name: account_usedbalance account_usedbalance_pkey; Type: CONSTRAINT; Schema: public; Owner: postgres
--

ALTER TABLE ONLY public.account_usedbalance
    ADD CONSTRAINT account_usedbalance_pkey PRIMARY KEY (id);


--
-- Name: auth_group auth_group_name_key; Type: CONSTRAINT; Schema: public; Owner: postgres
--

ALTER TABLE ONLY public.auth_group
    ADD CONSTRAINT auth_group_name_key UNIQUE (name);


--
-- Name: auth_group_permissions auth_group_permissions_group_id_permission_id_0cd325b0_uniq; Type: CONSTRAINT; Schema: public; Owner: postgres
--

ALTER TABLE ONLY public.auth_group_permissions
    ADD CONSTRAINT auth_group_permissions_group_id_permission_id_0cd325b0_uniq UNIQUE (group_id, permission_id);


--
-- Name: auth_group_permissions auth_group_permissions_pkey; Type: CONSTRAINT; Schema: public; Owner: postgres
--

ALTER TABLE ONLY public.auth_group_permissions
    ADD CONSTRAINT auth_group_permissions_pkey PRIMARY KEY (id);


--
-- Name: auth_group auth_group_pkey; Type: CONSTRAINT; Schema: public; Owner: postgres
--

ALTER TABLE ONLY public.auth_group
    ADD CONSTRAINT auth_group_pkey PRIMARY KEY (id);


--
-- Name: auth_permission auth_permission_content_type_id_codename_01ab375a_uniq; Type: CONSTRAINT; Schema: public; Owner: postgres
--

ALTER TABLE ONLY public.auth_permission
    ADD CONSTRAINT auth_permission_content_type_id_codename_01ab375a_uniq UNIQUE (content_type_id, codename);


--
-- Name: auth_permission auth_permission_pkey; Type: CONSTRAINT; Schema: public; Owner: postgres
--

ALTER TABLE ONLY public.auth_permission
    ADD CONSTRAINT auth_permission_pkey PRIMARY KEY (id);


--
-- Name: auth_user_groups auth_user_groups_pkey; Type: CONSTRAINT; Schema: public; Owner: postgres
--

ALTER TABLE ONLY public.auth_user_groups
    ADD CONSTRAINT auth_user_groups_pkey PRIMARY KEY (id);


--
-- Name: auth_user_groups auth_user_groups_user_id_group_id_94350c0c_uniq; Type: CONSTRAINT; Schema: public; Owner: postgres
--

ALTER TABLE ONLY public.auth_user_groups
    ADD CONSTRAINT auth_user_groups_user_id_group_id_94350c0c_uniq UNIQUE (user_id, group_id);


--
-- Name: auth_user auth_user_pkey; Type: CONSTRAINT; Schema: public; Owner: postgres
--

ALTER TABLE ONLY public.auth_user
    ADD CONSTRAINT auth_user_pkey PRIMARY KEY (id);


--
-- Name: auth_user_user_permissions auth_user_user_permissions_pkey; Type: CONSTRAINT; Schema: public; Owner: postgres
--

ALTER TABLE ONLY public.auth_user_user_permissions
    ADD CONSTRAINT auth_user_user_permissions_pkey PRIMARY KEY (id);


--
-- Name: auth_user_user_permissions auth_user_user_permissions_user_id_permission_id_14a6b632_uniq; Type: CONSTRAINT; Schema: public; Owner: postgres
--

ALTER TABLE ONLY public.auth_user_user_permissions
    ADD CONSTRAINT auth_user_user_permissions_user_id_permission_id_14a6b632_uniq UNIQUE (user_id, permission_id);


--
-- Name: auth_user auth_user_username_key; Type: CONSTRAINT; Schema: public; Owner: postgres
--

ALTER TABLE ONLY public.auth_user
    ADD CONSTRAINT auth_user_username_key UNIQUE (username);


--
-- Name: django_admin_log django_admin_log_pkey; Type: CONSTRAINT; Schema: public; Owner: postgres
--

ALTER TABLE ONLY public.django_admin_log
    ADD CONSTRAINT django_admin_log_pkey PRIMARY KEY (id);


--
-- Name: django_content_type django_content_type_app_label_model_76bd3d3b_uniq; Type: CONSTRAINT; Schema: public; Owner: postgres
--

ALTER TABLE ONLY public.django_content_type
    ADD CONSTRAINT django_content_type_app_label_model_76bd3d3b_uniq UNIQUE (app_label, model);


--
-- Name: django_content_type django_content_type_pkey; Type: CONSTRAINT; Schema: public; Owner: postgres
--

ALTER TABLE ONLY public.django_content_type
    ADD CONSTRAINT django_content_type_pkey PRIMARY KEY (id);


--
-- Name: django_migrations django_migrations_pkey; Type: CONSTRAINT; Schema: public; Owner: postgres
--

ALTER TABLE ONLY public.django_migrations
    ADD CONSTRAINT django_migrations_pkey PRIMARY KEY (id);


--
-- Name: django_session django_session_pkey; Type: CONSTRAINT; Schema: public; Owner: postgres
--

ALTER TABLE ONLY public.django_session
    ADD CONSTRAINT django_session_pkey PRIMARY KEY (session_key);


--
-- Name: account_balancesheet_finance_id_7a18505a; Type: INDEX; Schema: public; Owner: postgres
--

CREATE INDEX account_balancesheet_finance_id_7a18505a ON public.account_balancesheet USING btree (finance_id);


--
-- Name: account_balancesheet_projectdetail_id_6a6344a3; Type: INDEX; Schema: public; Owner: postgres
--

CREATE INDEX account_balancesheet_projectdetail_id_6a6344a3 ON public.account_balancesheet USING btree (projectdetail_id);


--
-- Name: account_balancesheet_projectpi_id_d05b5208; Type: INDEX; Schema: public; Owner: postgres
--

CREATE INDEX account_balancesheet_projectpi_id_d05b5208 ON public.account_balancesheet USING btree (projectpi_id);


--
-- Name: account_balancesheet_release_id_132793fc; Type: INDEX; Schema: public; Owner: postgres
--

CREATE INDEX account_balancesheet_release_id_132793fc ON public.account_balancesheet USING btree (release_id);


--
-- Name: account_balancesheet_usebalance_id_acedc693; Type: INDEX; Schema: public; Owner: postgres
--

CREATE INDEX account_balancesheet_usebalance_id_acedc693 ON public.account_balancesheet USING btree (usebalance_id);


--
-- Name: account_balancesheet_user_id_cea4fd74; Type: INDEX; Schema: public; Owner: postgres
--

CREATE INDEX account_balancesheet_user_id_cea4fd74 ON public.account_balancesheet USING btree (user_id);


--
-- Name: account_district_state_id_d19ccccf; Type: INDEX; Schema: public; Owner: postgres
--

CREATE INDEX account_district_state_id_d19ccccf ON public.account_district USING btree (state_id);


--
-- Name: account_financialdetail_projectdetail_id_4cb876b9; Type: INDEX; Schema: public; Owner: postgres
--

CREATE INDEX account_financialdetail_projectdetail_id_4cb876b9 ON public.account_financialdetail USING btree (projectdetail_id);


--
-- Name: account_financialdetail_projectpi_id_43729cbc; Type: INDEX; Schema: public; Owner: postgres
--

CREATE INDEX account_financialdetail_projectpi_id_43729cbc ON public.account_financialdetail USING btree (projectpi_id);


--
-- Name: account_financialdetail_user_id_2e3c1234; Type: INDEX; Schema: public; Owner: postgres
--

CREATE INDEX account_financialdetail_user_id_2e3c1234 ON public.account_financialdetail USING btree (user_id);


--
-- Name: account_institutedetail_district_id_8b82a279; Type: INDEX; Schema: public; Owner: postgres
--

CREATE INDEX account_institutedetail_district_id_8b82a279 ON public.account_institutedetail USING btree (district_id);


--
-- Name: account_institutedetail_state_id_fae1f6af; Type: INDEX; Schema: public; Owner: postgres
--

CREATE INDEX account_institutedetail_state_id_fae1f6af ON public.account_institutedetail USING btree (state_id);


--
-- Name: account_institutedetail_user_id_2afb008d; Type: INDEX; Schema: public; Owner: postgres
--

CREATE INDEX account_institutedetail_user_id_2afb008d ON public.account_institutedetail USING btree (user_id);


--
-- Name: account_projectdetail_projectpi_projectdetail_id_5c31451e; Type: INDEX; Schema: public; Owner: postgres
--

CREATE INDEX account_projectdetail_projectpi_projectdetail_id_5c31451e ON public.account_projectdetail_projectpi USING btree (projectdetail_id);


--
-- Name: account_projectdetail_projectpi_projectpidetail_id_85275c59; Type: INDEX; Schema: public; Owner: postgres
--

CREATE INDEX account_projectdetail_projectpi_projectpidetail_id_85275c59 ON public.account_projectdetail_projectpi USING btree (projectpidetail_id);


--
-- Name: account_projectdetail_user_id_7efeed1e; Type: INDEX; Schema: public; Owner: postgres
--

CREATE INDEX account_projectdetail_user_id_7efeed1e ON public.account_projectdetail USING btree (user_id);


--
-- Name: account_projectpidetail_district_id_5ed54121; Type: INDEX; Schema: public; Owner: postgres
--

CREATE INDEX account_projectpidetail_district_id_5ed54121 ON public.account_projectpidetail USING btree (district_pi_id);


--
-- Name: account_projectpidetail_institute_id_fd8b35ac; Type: INDEX; Schema: public; Owner: postgres
--

CREATE INDEX account_projectpidetail_institute_id_fd8b35ac ON public.account_projectpidetail USING btree (institute_id);


--
-- Name: account_projectpidetail_state_id_aa774a9a; Type: INDEX; Schema: public; Owner: postgres
--

CREATE INDEX account_projectpidetail_state_id_aa774a9a ON public.account_projectpidetail USING btree (state_pi_id);


--
-- Name: account_projectpidetail_user_id_976c784b; Type: INDEX; Schema: public; Owner: postgres
--

CREATE INDEX account_projectpidetail_user_id_976c784b ON public.account_projectpidetail USING btree (user_id);


--
-- Name: account_releasebuget_finance_id_551192ef; Type: INDEX; Schema: public; Owner: postgres
--

CREATE INDEX account_releasebuget_finance_id_551192ef ON public.account_releasebuget USING btree (finance_id);


--
-- Name: account_releasebuget_projectdetail_id_6b4e0174; Type: INDEX; Schema: public; Owner: postgres
--

CREATE INDEX account_releasebuget_projectdetail_id_6b4e0174 ON public.account_releasebuget USING btree (projectdetail_id);


--
-- Name: account_releasebuget_projectpi_id_1b047bc3; Type: INDEX; Schema: public; Owner: postgres
--

CREATE INDEX account_releasebuget_projectpi_id_1b047bc3 ON public.account_releasebuget USING btree (projectpi_id);


--
-- Name: account_releasebuget_user_id_87299c1d; Type: INDEX; Schema: public; Owner: postgres
--

CREATE INDEX account_releasebuget_user_id_87299c1d ON public.account_releasebuget USING btree (user_id);


--
-- Name: account_usedbalance_finance_id_dace8696; Type: INDEX; Schema: public; Owner: postgres
--

CREATE INDEX account_usedbalance_finance_id_dace8696 ON public.account_usedbalance USING btree (finance_id);


--
-- Name: account_usedbalance_projectdetail_id_09543c59; Type: INDEX; Schema: public; Owner: postgres
--

CREATE INDEX account_usedbalance_projectdetail_id_09543c59 ON public.account_usedbalance USING btree (projectdetail_id);


--
-- Name: account_usedbalance_projectpi_id_525d3fcb; Type: INDEX; Schema: public; Owner: postgres
--

CREATE INDEX account_usedbalance_projectpi_id_525d3fcb ON public.account_usedbalance USING btree (projectpi_id);


--
-- Name: account_usedbalance_user_id_581e618a; Type: INDEX; Schema: public; Owner: postgres
--

CREATE INDEX account_usedbalance_user_id_581e618a ON public.account_usedbalance USING btree (user_id);


--
-- Name: auth_group_name_a6ea08ec_like; Type: INDEX; Schema: public; Owner: postgres
--

CREATE INDEX auth_group_name_a6ea08ec_like ON public.auth_group USING btree (name varchar_pattern_ops);


--
-- Name: auth_group_permissions_group_id_b120cbf9; Type: INDEX; Schema: public; Owner: postgres
--

CREATE INDEX auth_group_permissions_group_id_b120cbf9 ON public.auth_group_permissions USING btree (group_id);


--
-- Name: auth_group_permissions_permission_id_84c5c92e; Type: INDEX; Schema: public; Owner: postgres
--

CREATE INDEX auth_group_permissions_permission_id_84c5c92e ON public.auth_group_permissions USING btree (permission_id);


--
-- Name: auth_permission_content_type_id_2f476e4b; Type: INDEX; Schema: public; Owner: postgres
--

CREATE INDEX auth_permission_content_type_id_2f476e4b ON public.auth_permission USING btree (content_type_id);


--
-- Name: auth_user_groups_group_id_97559544; Type: INDEX; Schema: public; Owner: postgres
--

CREATE INDEX auth_user_groups_group_id_97559544 ON public.auth_user_groups USING btree (group_id);


--
-- Name: auth_user_groups_user_id_6a12ed8b; Type: INDEX; Schema: public; Owner: postgres
--

CREATE INDEX auth_user_groups_user_id_6a12ed8b ON public.auth_user_groups USING btree (user_id);


--
-- Name: auth_user_user_permissions_permission_id_1fbb5f2c; Type: INDEX; Schema: public; Owner: postgres
--

CREATE INDEX auth_user_user_permissions_permission_id_1fbb5f2c ON public.auth_user_user_permissions USING btree (permission_id);


--
-- Name: auth_user_user_permissions_user_id_a95ead1b; Type: INDEX; Schema: public; Owner: postgres
--

CREATE INDEX auth_user_user_permissions_user_id_a95ead1b ON public.auth_user_user_permissions USING btree (user_id);


--
-- Name: auth_user_username_6821ab7c_like; Type: INDEX; Schema: public; Owner: postgres
--

CREATE INDEX auth_user_username_6821ab7c_like ON public.auth_user USING btree (username varchar_pattern_ops);


--
-- Name: django_admin_log_content_type_id_c4bce8eb; Type: INDEX; Schema: public; Owner: postgres
--

CREATE INDEX django_admin_log_content_type_id_c4bce8eb ON public.django_admin_log USING btree (content_type_id);


--
-- Name: django_admin_log_user_id_c564eba6; Type: INDEX; Schema: public; Owner: postgres
--

CREATE INDEX django_admin_log_user_id_c564eba6 ON public.django_admin_log USING btree (user_id);


--
-- Name: django_session_expire_date_a5c62663; Type: INDEX; Schema: public; Owner: postgres
--

CREATE INDEX django_session_expire_date_a5c62663 ON public.django_session USING btree (expire_date);


--
-- Name: django_session_session_key_c0390e0f_like; Type: INDEX; Schema: public; Owner: postgres
--

CREATE INDEX django_session_session_key_c0390e0f_like ON public.django_session USING btree (session_key varchar_pattern_ops);


--
-- Name: account_balancesheet account_balancesheet_finance_id_7a18505a_fk_account_f; Type: FK CONSTRAINT; Schema: public; Owner: postgres
--

ALTER TABLE ONLY public.account_balancesheet
    ADD CONSTRAINT account_balancesheet_finance_id_7a18505a_fk_account_f FOREIGN KEY (finance_id) REFERENCES public.account_financialdetail(id) DEFERRABLE INITIALLY DEFERRED;


--
-- Name: account_balancesheet account_balancesheet_projectdetail_id_6a6344a3_fk_account_p; Type: FK CONSTRAINT; Schema: public; Owner: postgres
--

ALTER TABLE ONLY public.account_balancesheet
    ADD CONSTRAINT account_balancesheet_projectdetail_id_6a6344a3_fk_account_p FOREIGN KEY (projectdetail_id) REFERENCES public.account_projectdetail(id) DEFERRABLE INITIALLY DEFERRED;


--
-- Name: account_balancesheet account_balancesheet_projectpi_id_d05b5208_fk_account_p; Type: FK CONSTRAINT; Schema: public; Owner: postgres
--

ALTER TABLE ONLY public.account_balancesheet
    ADD CONSTRAINT account_balancesheet_projectpi_id_d05b5208_fk_account_p FOREIGN KEY (projectpi_id) REFERENCES public.account_projectpidetail(id) DEFERRABLE INITIALLY DEFERRED;


--
-- Name: account_balancesheet account_balancesheet_release_id_132793fc_fk_account_r; Type: FK CONSTRAINT; Schema: public; Owner: postgres
--

ALTER TABLE ONLY public.account_balancesheet
    ADD CONSTRAINT account_balancesheet_release_id_132793fc_fk_account_r FOREIGN KEY (release_id) REFERENCES public.account_releasebuget(id) DEFERRABLE INITIALLY DEFERRED;


--
-- Name: account_balancesheet account_balancesheet_usebalance_id_acedc693_fk_account_u; Type: FK CONSTRAINT; Schema: public; Owner: postgres
--

ALTER TABLE ONLY public.account_balancesheet
    ADD CONSTRAINT account_balancesheet_usebalance_id_acedc693_fk_account_u FOREIGN KEY (usebalance_id) REFERENCES public.account_usedbalance(id) DEFERRABLE INITIALLY DEFERRED;


--
-- Name: account_balancesheet account_balancesheet_user_id_cea4fd74_fk_auth_user_id; Type: FK CONSTRAINT; Schema: public; Owner: postgres
--

ALTER TABLE ONLY public.account_balancesheet
    ADD CONSTRAINT account_balancesheet_user_id_cea4fd74_fk_auth_user_id FOREIGN KEY (user_id) REFERENCES public.auth_user(id) DEFERRABLE INITIALLY DEFERRED;


--
-- Name: account_district account_district_state_id_d19ccccf_fk_account_state_id; Type: FK CONSTRAINT; Schema: public; Owner: postgres
--

ALTER TABLE ONLY public.account_district
    ADD CONSTRAINT account_district_state_id_d19ccccf_fk_account_state_id FOREIGN KEY (state_id) REFERENCES public.account_state(id) DEFERRABLE INITIALLY DEFERRED;


--
-- Name: account_financialdetail account_financialdet_projectdetail_id_4cb876b9_fk_account_p; Type: FK CONSTRAINT; Schema: public; Owner: postgres
--

ALTER TABLE ONLY public.account_financialdetail
    ADD CONSTRAINT account_financialdet_projectdetail_id_4cb876b9_fk_account_p FOREIGN KEY (projectdetail_id) REFERENCES public.account_projectdetail(id) DEFERRABLE INITIALLY DEFERRED;


--
-- Name: account_financialdetail account_financialdet_projectpi_id_43729cbc_fk_account_p; Type: FK CONSTRAINT; Schema: public; Owner: postgres
--

ALTER TABLE ONLY public.account_financialdetail
    ADD CONSTRAINT account_financialdet_projectpi_id_43729cbc_fk_account_p FOREIGN KEY (projectpi_id) REFERENCES public.account_projectpidetail(id) DEFERRABLE INITIALLY DEFERRED;


--
-- Name: account_financialdetail account_financialdetail_user_id_2e3c1234_fk_auth_user_id; Type: FK CONSTRAINT; Schema: public; Owner: postgres
--

ALTER TABLE ONLY public.account_financialdetail
    ADD CONSTRAINT account_financialdetail_user_id_2e3c1234_fk_auth_user_id FOREIGN KEY (user_id) REFERENCES public.auth_user(id) DEFERRABLE INITIALLY DEFERRED;


--
-- Name: account_institutedetail account_institutedet_district_id_8b82a279_fk_account_d; Type: FK CONSTRAINT; Schema: public; Owner: postgres
--

ALTER TABLE ONLY public.account_institutedetail
    ADD CONSTRAINT account_institutedet_district_id_8b82a279_fk_account_d FOREIGN KEY (district_id) REFERENCES public.account_district(id) DEFERRABLE INITIALLY DEFERRED;


--
-- Name: account_institutedetail account_institutedetail_state_id_fae1f6af_fk_account_state_id; Type: FK CONSTRAINT; Schema: public; Owner: postgres
--

ALTER TABLE ONLY public.account_institutedetail
    ADD CONSTRAINT account_institutedetail_state_id_fae1f6af_fk_account_state_id FOREIGN KEY (state_id) REFERENCES public.account_state(id) DEFERRABLE INITIALLY DEFERRED;


--
-- Name: account_institutedetail account_institutedetail_user_id_2afb008d_fk_auth_user_id; Type: FK CONSTRAINT; Schema: public; Owner: postgres
--

ALTER TABLE ONLY public.account_institutedetail
    ADD CONSTRAINT account_institutedetail_user_id_2afb008d_fk_auth_user_id FOREIGN KEY (user_id) REFERENCES public.auth_user(id) DEFERRABLE INITIALLY DEFERRED;


--
-- Name: account_projectdetail_projectpi account_projectdetai_projectdetail_id_5c31451e_fk_account_p; Type: FK CONSTRAINT; Schema: public; Owner: postgres
--

ALTER TABLE ONLY public.account_projectdetail_projectpi
    ADD CONSTRAINT account_projectdetai_projectdetail_id_5c31451e_fk_account_p FOREIGN KEY (projectdetail_id) REFERENCES public.account_projectdetail(id) DEFERRABLE INITIALLY DEFERRED;


--
-- Name: account_projectdetail_projectpi account_projectdetai_projectpidetail_id_85275c59_fk_account_p; Type: FK CONSTRAINT; Schema: public; Owner: postgres
--

ALTER TABLE ONLY public.account_projectdetail_projectpi
    ADD CONSTRAINT account_projectdetai_projectpidetail_id_85275c59_fk_account_p FOREIGN KEY (projectpidetail_id) REFERENCES public.account_projectpidetail(id) DEFERRABLE INITIALLY DEFERRED;


--
-- Name: account_projectdetail account_projectdetail_user_id_7efeed1e_fk_auth_user_id; Type: FK CONSTRAINT; Schema: public; Owner: postgres
--

ALTER TABLE ONLY public.account_projectdetail
    ADD CONSTRAINT account_projectdetail_user_id_7efeed1e_fk_auth_user_id FOREIGN KEY (user_id) REFERENCES public.auth_user(id) DEFERRABLE INITIALLY DEFERRED;


--
-- Name: account_projectpidetail account_projectpidet_district_pi_id_9428ed15_fk_account_d; Type: FK CONSTRAINT; Schema: public; Owner: postgres
--

ALTER TABLE ONLY public.account_projectpidetail
    ADD CONSTRAINT account_projectpidet_district_pi_id_9428ed15_fk_account_d FOREIGN KEY (district_pi_id) REFERENCES public.account_district(id) DEFERRABLE INITIALLY DEFERRED;


--
-- Name: account_projectpidetail account_projectpidet_institute_id_fd8b35ac_fk_account_i; Type: FK CONSTRAINT; Schema: public; Owner: postgres
--

ALTER TABLE ONLY public.account_projectpidetail
    ADD CONSTRAINT account_projectpidet_institute_id_fd8b35ac_fk_account_i FOREIGN KEY (institute_id) REFERENCES public.account_institutedetail(id) DEFERRABLE INITIALLY DEFERRED;


--
-- Name: account_projectpidetail account_projectpidet_state_pi_id_90825c46_fk_account_s; Type: FK CONSTRAINT; Schema: public; Owner: postgres
--

ALTER TABLE ONLY public.account_projectpidetail
    ADD CONSTRAINT account_projectpidet_state_pi_id_90825c46_fk_account_s FOREIGN KEY (state_pi_id) REFERENCES public.account_state(id) DEFERRABLE INITIALLY DEFERRED;


--
-- Name: account_projectpidetail account_projectpidetail_user_id_976c784b_fk_auth_user_id; Type: FK CONSTRAINT; Schema: public; Owner: postgres
--

ALTER TABLE ONLY public.account_projectpidetail
    ADD CONSTRAINT account_projectpidetail_user_id_976c784b_fk_auth_user_id FOREIGN KEY (user_id) REFERENCES public.auth_user(id) DEFERRABLE INITIALLY DEFERRED;


--
-- Name: account_releasebuget account_releasebuget_finance_id_551192ef_fk_account_f; Type: FK CONSTRAINT; Schema: public; Owner: postgres
--

ALTER TABLE ONLY public.account_releasebuget
    ADD CONSTRAINT account_releasebuget_finance_id_551192ef_fk_account_f FOREIGN KEY (finance_id) REFERENCES public.account_financialdetail(id) DEFERRABLE INITIALLY DEFERRED;


--
-- Name: account_releasebuget account_releasebuget_projectdetail_id_6b4e0174_fk_account_p; Type: FK CONSTRAINT; Schema: public; Owner: postgres
--

ALTER TABLE ONLY public.account_releasebuget
    ADD CONSTRAINT account_releasebuget_projectdetail_id_6b4e0174_fk_account_p FOREIGN KEY (projectdetail_id) REFERENCES public.account_projectdetail(id) DEFERRABLE INITIALLY DEFERRED;


--
-- Name: account_releasebuget account_releasebuget_projectpi_id_1b047bc3_fk_account_p; Type: FK CONSTRAINT; Schema: public; Owner: postgres
--

ALTER TABLE ONLY public.account_releasebuget
    ADD CONSTRAINT account_releasebuget_projectpi_id_1b047bc3_fk_account_p FOREIGN KEY (projectpi_id) REFERENCES public.account_projectpidetail(id) DEFERRABLE INITIALLY DEFERRED;


--
-- Name: account_releasebuget account_releasebuget_user_id_87299c1d_fk_auth_user_id; Type: FK CONSTRAINT; Schema: public; Owner: postgres
--

ALTER TABLE ONLY public.account_releasebuget
    ADD CONSTRAINT account_releasebuget_user_id_87299c1d_fk_auth_user_id FOREIGN KEY (user_id) REFERENCES public.auth_user(id) DEFERRABLE INITIALLY DEFERRED;


--
-- Name: account_usedbalance account_usedbalance_finance_id_dace8696_fk_account_f; Type: FK CONSTRAINT; Schema: public; Owner: postgres
--

ALTER TABLE ONLY public.account_usedbalance
    ADD CONSTRAINT account_usedbalance_finance_id_dace8696_fk_account_f FOREIGN KEY (finance_id) REFERENCES public.account_financialdetail(id) DEFERRABLE INITIALLY DEFERRED;


--
-- Name: account_usedbalance account_usedbalance_projectdetail_id_09543c59_fk_account_p; Type: FK CONSTRAINT; Schema: public; Owner: postgres
--

ALTER TABLE ONLY public.account_usedbalance
    ADD CONSTRAINT account_usedbalance_projectdetail_id_09543c59_fk_account_p FOREIGN KEY (projectdetail_id) REFERENCES public.account_projectdetail(id) DEFERRABLE INITIALLY DEFERRED;


--
-- Name: account_usedbalance account_usedbalance_projectpi_id_525d3fcb_fk_account_p; Type: FK CONSTRAINT; Schema: public; Owner: postgres
--

ALTER TABLE ONLY public.account_usedbalance
    ADD CONSTRAINT account_usedbalance_projectpi_id_525d3fcb_fk_account_p FOREIGN KEY (projectpi_id) REFERENCES public.account_projectpidetail(id) DEFERRABLE INITIALLY DEFERRED;


--
-- Name: account_usedbalance account_usedbalance_user_id_581e618a_fk_auth_user_id; Type: FK CONSTRAINT; Schema: public; Owner: postgres
--

ALTER TABLE ONLY public.account_usedbalance
    ADD CONSTRAINT account_usedbalance_user_id_581e618a_fk_auth_user_id FOREIGN KEY (user_id) REFERENCES public.auth_user(id) DEFERRABLE INITIALLY DEFERRED;


--
-- Name: auth_group_permissions auth_group_permissio_permission_id_84c5c92e_fk_auth_perm; Type: FK CONSTRAINT; Schema: public; Owner: postgres
--

ALTER TABLE ONLY public.auth_group_permissions
    ADD CONSTRAINT auth_group_permissio_permission_id_84c5c92e_fk_auth_perm FOREIGN KEY (permission_id) REFERENCES public.auth_permission(id) DEFERRABLE INITIALLY DEFERRED;


--
-- Name: auth_group_permissions auth_group_permissions_group_id_b120cbf9_fk_auth_group_id; Type: FK CONSTRAINT; Schema: public; Owner: postgres
--

ALTER TABLE ONLY public.auth_group_permissions
    ADD CONSTRAINT auth_group_permissions_group_id_b120cbf9_fk_auth_group_id FOREIGN KEY (group_id) REFERENCES public.auth_group(id) DEFERRABLE INITIALLY DEFERRED;


--
-- Name: auth_permission auth_permission_content_type_id_2f476e4b_fk_django_co; Type: FK CONSTRAINT; Schema: public; Owner: postgres
--

ALTER TABLE ONLY public.auth_permission
    ADD CONSTRAINT auth_permission_content_type_id_2f476e4b_fk_django_co FOREIGN KEY (content_type_id) REFERENCES public.django_content_type(id) DEFERRABLE INITIALLY DEFERRED;


--
-- Name: auth_user_groups auth_user_groups_group_id_97559544_fk_auth_group_id; Type: FK CONSTRAINT; Schema: public; Owner: postgres
--

ALTER TABLE ONLY public.auth_user_groups
    ADD CONSTRAINT auth_user_groups_group_id_97559544_fk_auth_group_id FOREIGN KEY (group_id) REFERENCES public.auth_group(id) DEFERRABLE INITIALLY DEFERRED;


--
-- Name: auth_user_groups auth_user_groups_user_id_6a12ed8b_fk_auth_user_id; Type: FK CONSTRAINT; Schema: public; Owner: postgres
--

ALTER TABLE ONLY public.auth_user_groups
    ADD CONSTRAINT auth_user_groups_user_id_6a12ed8b_fk_auth_user_id FOREIGN KEY (user_id) REFERENCES public.auth_user(id) DEFERRABLE INITIALLY DEFERRED;


--
-- Name: auth_user_user_permissions auth_user_user_permi_permission_id_1fbb5f2c_fk_auth_perm; Type: FK CONSTRAINT; Schema: public; Owner: postgres
--

ALTER TABLE ONLY public.auth_user_user_permissions
    ADD CONSTRAINT auth_user_user_permi_permission_id_1fbb5f2c_fk_auth_perm FOREIGN KEY (permission_id) REFERENCES public.auth_permission(id) DEFERRABLE INITIALLY DEFERRED;


--
-- Name: auth_user_user_permissions auth_user_user_permissions_user_id_a95ead1b_fk_auth_user_id; Type: FK CONSTRAINT; Schema: public; Owner: postgres
--

ALTER TABLE ONLY public.auth_user_user_permissions
    ADD CONSTRAINT auth_user_user_permissions_user_id_a95ead1b_fk_auth_user_id FOREIGN KEY (user_id) REFERENCES public.auth_user(id) DEFERRABLE INITIALLY DEFERRED;


--
-- Name: django_admin_log django_admin_log_content_type_id_c4bce8eb_fk_django_co; Type: FK CONSTRAINT; Schema: public; Owner: postgres
--

ALTER TABLE ONLY public.django_admin_log
    ADD CONSTRAINT django_admin_log_content_type_id_c4bce8eb_fk_django_co FOREIGN KEY (content_type_id) REFERENCES public.django_content_type(id) DEFERRABLE INITIALLY DEFERRED;


--
-- Name: django_admin_log django_admin_log_user_id_c564eba6_fk_auth_user_id; Type: FK CONSTRAINT; Schema: public; Owner: postgres
--

ALTER TABLE ONLY public.django_admin_log
    ADD CONSTRAINT django_admin_log_user_id_c564eba6_fk_auth_user_id FOREIGN KEY (user_id) REFERENCES public.auth_user(id) DEFERRABLE INITIALLY DEFERRED;


--
-- PostgreSQL database dump complete
--

\unrestrict SuUiWrnJSPIjX7t3WOdDYVOKEqMDQocvb0oMkTtbLc2AHUgRDr9CXwY5fsmsExE

